Vehicle_ID,Mileage,Age_Years,Usage,Color,Maintenance_Required
1,71234,6,High,black,Yes
1,52253,6,Low,black,Yes
1,94983,1,High,black,Yes
1,107326,7,Medium,black,Yes
1,25378,8,Medium,black,Yes
1,86205,7,Medium,black,Yes
1,149542,2,Medium,black,Yes
1,112817,1,Low,black,Yes
1,71691,9,High,black,Yes
1,136667,2,High,black,Yes
1,99332,4,Medium,black,Yes
1,53741,1,High,black,Yes
1,21616,3,High,black,Yes
1,128179,9,Medium,black,No
1,56378,7,High,black,Yes
1,82874,3,High,black,Yes
1,69025,8,Low,black,Yes
1,133724,2,Low,black,Yes
1,74431,7,High,black,Yes
1,110534,8,High,black,No
1,112265,5,High,black,Yes
1,137296,3,Medium,black,Yes
1,29697,6,High,black,Yes
1,16369,3,Medium,black,Yes
1,67513,8,Medium,black,Yes
1,46427,9,Low,black,Yes
1,56052,8,Medium,black,Yes
1,45975,3,High,black,Yes
1,124107,7,Low,black,Yes
1,72744,2,Low,black,Yes
1,43229,7,Low,black,Yes
1,89120,2,Low,black,Yes
1,29018,2,Medium,black,Yes
1,103016,2,Medium,black,Yes
1,115777,7,High,black,No
1,54659,5,Low,black,Yes
1,21132,6,Low,black,Yes
1,48823,6,Medium,black,Yes
1,79756,3,Low,black,Yes
1,96458,6,Medium,black,Yes
1,36895,3,Low,black,Yes
1,73738,1,Medium,black,No
1,92857,2,High,black,Yes
1,91015,7,Low,black,Yes
1,47673,9,High,black,Yes
1,28171,2,Medium,black,Yes
1,83435,1,High,black,Yes
1,115671,2,Medium,black,Yes
1,41598,7,Medium,black,Yes
1,28980,8,Medium,black,Yes
1,36577,6,High,black,Yes
1,26352,5,Low,black,Yes
1,136008,2,Medium,black,Yes
1,10078,6,Medium,black,Yes
1,109518,6,Low,black,Yes
1,133545,1,Low,black,Yes
1,119420,3,Medium,black,Yes
1,59412,2,High,black,Yes
1,103529,8,Low,black,Yes
1,91202,3,High,black,Yes
1,82234,3,Low,black,Yes
1,13409,2,Medium,black,Yes
1,95713,1,Medium,black,Yes
1,128331,1,Low,black,Yes
1,98879,7,Medium,black,Yes
1,76508,7,Low,black,Yes
1,126017,2,Low,black,No
1,41288,2,High,black,Yes
1,148037,2,Low,black,Yes
1,113077,6,High,black,Yes
1,93401,2,High,black,Yes
1,52929,6,Low,black,Yes
1,37787,6,Medium,black,No
1,124215,6,Low,black,Yes
1,60843,8,Medium,black,Yes
1,130129,6,Low,black,Yes
1,98172,3,High,black,Yes
1,27654,5,Low,black,Yes
1,90575,9,Low,black,Yes
1,53056,2,Low,black,Yes
1,74969,5,High,black,No
1,65204,3,Medium,black,Yes
1,130397,2,Medium,black,Yes
1,39591,6,High,black,Yes
1,118510,8,Medium,black,Yes
1,91642,4,Medium,black,Yes
1,53241,6,Low,black,Yes
1,56337,4,High,black,Yes
1,69628,5,High,black,Yes
1,93620,6,High,black,Yes
1,34417,6,High,black,No
1,141728,6,High,black,Yes
1,74103,7,Medium,black,No
1,129556,4,High,black,Yes
1,120537,2,Low,black,Yes
1,41034,8,High,black,Yes
1,24859,4,Low,black,Yes
1,107643,6,High,black,Yes
1,41283,1,High,black,No
1,87407,1,Low,black,Yes
2,25396,9,Low,black,Yes
2,140032,7,Medium,black,Yes
2,63652,6,High,black,No
2,113922,7,Medium,black,Yes
2,110183,3,Medium,black,Yes
2,77276,9,Low,black,Yes
2,72756,9,Medium,black,Yes
2,38512,5,Low,black,Yes
2,51857,6,Medium,black,Yes
2,11430,2,Medium,black,Yes
2,53788,6,Low,black,Yes
2,144569,6,Low,black,Yes
2,110073,1,Low,black,Yes
2,37329,3,High,black,Yes
2,56522,5,Low,black,Yes
2,51312,2,Medium,black,Yes
2,92176,6,Medium,black,Yes
2,76525,9,High,black,Yes
2,90997,5,High,black,No
2,95992,6,High,black,Yes
2,68156,8,Medium,black,Yes
2,73754,7,Medium,black,No
2,123879,9,Medium,black,Yes
2,88473,7,High,black,Yes
2,19295,1,Low,black,No
2,31937,4,Medium,black,Yes
2,42112,3,High,black,Yes
2,26030,8,Low,black,Yes
2,124503,1,Medium,black,Yes
2,121497,5,Medium,black,Yes
2,148325,5,Medium,black,Yes
2,65761,3,High,black,Yes
2,97344,4,Low,black,Yes
2,35874,6,Low,black,Yes
2,80207,9,Low,black,Yes
2,141174,8,High,black,Yes
2,67217,5,Medium,black,Yes
2,138250,4,High,black,Yes
2,73798,7,High,black,Yes
2,92546,5,High,black,Yes
2,100527,2,Low,black,Yes
2,140221,9,Low,black,Yes
2,64986,3,High,black,Yes
2,88357,8,High,black,Yes
2,138321,7,High,black,Yes
2,119370,8,Medium,black,No
2,97672,2,Medium,black,Yes
2,98267,8,High,black,Yes
2,38771,8,Medium,black,Yes
2,124464,9,Medium,black,Yes
2,71336,7,Low,black,Yes
2,107694,1,Low,black,Yes
2,43656,6,Low,black,Yes
2,78841,3,High,black,Yes
2,13470,3,Medium,black,Yes
2,102291,3,Medium,black,Yes
2,111130,4,Medium,black,Yes
2,105905,7,Low,black,Yes
2,37102,3,High,black,Yes
2,36520,6,High,black,No
2,70091,4,Medium,black,Yes
2,146373,4,High,black,Yes
2,33241,8,High,black,Yes
2,119554,5,High,black,Yes
2,55095,6,High,black,Yes
2,47134,3,High,black,Yes
2,22706,6,Medium,black,Yes
2,89751,9,High,black,Yes
2,72486,7,High,black,Yes
2,65063,4,Medium,black,Yes
2,83145,1,Low,black,Yes
2,63461,2,High,black,Yes
2,123793,6,High,black,Yes
2,95578,5,High,black,Yes
2,137469,6,High,black,Yes
2,143477,6,Low,black,Yes
2,52874,3,Low,black,Yes
2,139973,4,Low,black,Yes
2,100975,3,Low,black,Yes
2,57235,3,Low,black,Yes
2,43355,7,Medium,black,Yes
2,15690,2,Medium,black,Yes
2,39908,5,Low,black,Yes
2,99280,3,High,black,Yes
2,45308,3,Medium,black,Yes
2,135855,4,Low,black,No
2,38942,5,Low,black,No
2,114959,2,High,black,Yes
2,26601,1,Medium,black,Yes
2,64672,7,Medium,black,Yes
2,111358,6,High,black,Yes
2,125604,4,Medium,black,Yes
2,81199,2,Medium,black,Yes
2,37898,4,Medium,black,Yes
2,41212,3,High,black,Yes
2,29180,5,Medium,black,Yes
2,86830,4,Medium,black,Yes
2,102147,9,Medium,black,Yes
2,32610,9,High,black,Yes
2,90738,5,Medium,black,Yes
3,144588,3,High,black,Yes
3,107768,7,High,black,Yes
3,117353,3,Low,black,Yes
3,81480,1,Low,black,Yes
3,126414,4,High,black,Yes
3,121624,8,Medium,black,No
3,136448,6,Low,black,Yes
3,80050,7,Low,black,Yes
3,61076,5,High,black,Yes
3,103967,8,Low,black,No
3,37596,9,High,black,Yes
3,121826,6,Low,black,No
3,68439,3,Low,black,Yes
3,22155,4,High,black,Yes
3,131311,2,High,black,Yes
3,18172,5,Medium,black,Yes
3,49700,9,Low,black,No
3,59555,8,Low,black,Yes
3,89223,8,Medium,black,Yes
3,120874,2,Low,black,Yes
3,29251,8,High,black,Yes
3,74733,9,Low,black,Yes
3,73306,3,Low,black,Yes
3,44054,8,High,black,Yes
3,90004,6,Low,black,No
3,64889,7,Low,black,No
3,114612,9,Low,black,Yes
3,130999,9,Low,black,Yes
3,106763,5,High,black,Yes
3,149339,6,Medium,black,No
3,134454,9,Medium,black,Yes
3,101525,3,Low,black,Yes
3,70855,6,Medium,black,Yes
3,33796,9,Low,black,Yes
3,43521,9,Medium,black,Yes
3,53246,4,Low,black,Yes
3,86982,3,High,black,Yes
3,65633,4,Medium,black,No
3,130371,3,Low,black,Yes
3,130685,3,Low,black,Yes
3,103304,3,High,black,Yes
3,136733,1,Medium,black,Yes
3,66991,3,High,black,Yes
3,124650,8,High,black,Yes
3,109115,2,High,black,Yes
3,81297,4,High,black,Yes
3,52464,3,High,black,Yes
3,36668,3,High,black,Yes
3,11784,4,Low,black,Yes
3,138667,2,High,black,Yes
3,16480,3,Low,black,Yes
3,81424,2,Medium,black,Yes
3,136526,4,High,black,Yes
3,125049,7,High,black,Yes
3,147722,6,Medium,black,Yes
3,149254,3,High,black,Yes
3,145360,2,Low,black,Yes
3,149804,5,High,black,Yes
3,99268,1,High,black,Yes
3,41419,2,Low,black,Yes
3,19742,5,Low,black,Yes
3,104206,6,Low,black,Yes
3,72780,7,High,black,Yes
3,144885,2,Medium,black,Yes
3,89164,6,High,black,No
3,136873,3,Low,black,Yes
3,27204,4,High,black,Yes
3,38065,4,Medium,black,Yes
3,119442,6,Medium,black,Yes
3,82325,4,High,black,Yes
3,103548,5,High,black,Yes
3,122705,4,Medium,black,Yes
3,126286,6,Medium,black,Yes
3,52279,8,Low,black,No
3,114101,7,Medium,black,Yes
3,52392,4,Low,black,Yes
3,95712,2,High,black,Yes
3,137332,7,High,black,Yes
3,107288,7,High,black,No
3,17225,3,Medium,black,Yes
3,125882,6,Medium,black,Yes
3,65560,9,Low,black,Yes
3,16145,5,Low,black,Yes
3,106171,9,Medium,black,Yes
3,62798,5,High,black,Yes
3,76193,7,Low,black,Yes
3,42028,5,Low,black,Yes
3,13950,7,Low,black,Yes
3,120663,3,Low,black,Yes
3,41877,7,Medium,black,Yes
3,35788,3,Low,black,Yes
3,100457,5,Low,black,Yes
3,16621,3,High,black,Yes
3,107671,2,High,black,Yes
3,99694,6,High,black,Yes
3,18513,3,Low,black,Yes
3,65176,2,Low,black,Yes
3,106730,4,Medium,black,Yes
3,79088,3,High,black,Yes
3,103929,8,Medium,black,Yes
1,106588,6,Low,black,Yes
1,70614,8,Medium,black,Yes
1,46317,6,Low,black,Yes
1,113439,3,Low,black,Yes
1,81162,3,High,black,Yes
1,67702,9,Low,black,Yes
1,132785,1,Low,black,No
1,51240,2,High,black,Yes
1,103926,9,Medium,black,Yes
1,45442,8,High,black,Yes
1,142278,6,High,black,Yes
1,120764,3,High,black,No
1,42081,1,Medium,black,Yes
1,31111,9,Low,black,Yes
1,86431,8,High,black,No
1,96943,3,High,black,Yes
1,74368,7,Low,black,Yes
1,37264,8,High,black,Yes
1,139848,6,High,black,Yes
1,84006,4,Low,black,Yes
1,94158,3,Medium,black,Yes
1,20247,5,Medium,black,Yes
1,33197,7,Medium,black,Yes
1,106673,1,Low,black,Yes
1,97728,8,Medium,black,Yes
1,105741,8,High,black,Yes
1,22772,4,Medium,black,Yes
1,103721,3,Low,black,Yes
1,131718,7,Low,black,Yes
1,122420,8,Low,black,No
1,11700,7,High,black,Yes
1,97130,1,Medium,black,Yes
1,61973,5,Medium,black,Yes
1,43769,1,Medium,black,No
1,114576,9,Medium,black,Yes
1,25006,9,High,black,Yes
1,10120,2,Medium,black,Yes
1,148517,8,Medium,black,Yes
1,110663,4,Low,black,Yes
1,90721,4,Medium,black,Yes
1,87340,3,High,black,Yes
1,80560,9,Medium,black,Yes
1,148812,9,Low,black,Yes
1,47335,5,Medium,black,No
1,65775,6,High,black,No
1,100920,3,Low,black,Yes
1,142355,7,Low,black,Yes
1,140853,4,Medium,black,Yes
1,148264,7,High,black,Yes
1,122808,8,High,black,Yes
1,32483,6,Low,black,Yes
1,45152,9,Low,black,Yes
1,120795,6,High,black,Yes
1,118185,6,High,black,Yes
1,106785,2,High,black,Yes
1,44230,3,Medium,black,Yes
1,38476,1,Low,black,Yes
1,10592,6,Medium,black,No
1,63513,9,Low,black,Yes
1,147280,1,Low,black,Yes
1,40137,5,Low,black,No
1,46042,7,Low,black,Yes
1,60271,9,Low,black,Yes
1,119414,6,High,black,Yes
1,39836,7,High,black,Yes
1,50671,4,Medium,black,Yes
1,36330,9,Low,black,Yes
1,35171,5,Low,black,Yes
1,63010,2,Low,black,Yes
1,14766,7,Medium,black,Yes
1,56693,1,High,black,Yes
1,140410,8,High,black,Yes
1,11326,1,High,black,Yes
1,115974,5,Medium,black,Yes
1,149671,4,High,black,Yes
1,132049,4,High,black,Yes
1,49663,5,Low,black,Yes
1,64208,2,High,black,Yes
1,122140,1,Medium,black,Yes
1,133311,7,High,black,Yes
1,17218,2,Low,black,Yes
1,60491,6,Low,black,Yes
1,61354,8,High,black,Yes
1,107994,5,High,black,Yes
1,146635,8,Medium,black,Yes
1,10083,7,Medium,black,Yes
1,81532,9,Medium,black,Yes
1,109613,8,Low,black,No
1,52321,5,Medium,black,Yes
1,39962,6,High,black,Yes
1,100932,5,Low,black,Yes
1,91024,1,Low,black,No
1,142007,4,Medium,black,Yes
1,52756,1,Low,black,Yes
1,127973,2,High,black,Yes
1,58396,6,High,black,Yes
1,71457,8,Medium,black,Yes
1,26482,8,High,black,No
1,144795,7,High,black,Yes
1,56032,9,Medium,black,Yes
2,110550,5,Low,black,Yes
2,29683,1,Low,black,Yes
2,140390,7,High,black,Yes
2,63506,3,High,black,No
2,42382,7,Low,black,Yes
2,92808,5,Low,black,Yes
2,69522,7,High,black,Yes
2,148826,5,High,black,Yes
2,73984,7,High,black,Yes
2,63607,1,Low,black,Yes
2,118371,3,Medium,black,Yes
2,81359,3,Low,black,No
2,115229,2,High,black,Yes
2,36961,2,High,black,Yes
2,97024,5,High,black,Yes
2,141523,9,Medium,black,No
2,142749,2,Low,black,Yes
2,144212,8,High,black,Yes
2,126563,9,Low,black,Yes
2,65403,3,Medium,black,Yes
2,47636,9,High,black,Yes
2,100418,1,Medium,black,Yes
2,27221,3,Low,black,Yes
2,138664,9,Low,black,Yes
2,13311,2,High,black,Yes
2,44224,6,Medium,black,Yes
2,76977,8,Medium,black,Yes
2,137009,7,Medium,black,Yes
2,90325,5,Medium,black,Yes
2,136584,6,Medium,black,Yes
2,38261,4,Medium,black,Yes
2,33783,6,High,black,Yes
2,125420,1,High,black,Yes
2,39974,7,High,black,Yes
2,10352,6,Medium,black,Yes
2,139447,2,Medium,black,Yes
2,40928,5,Low,black,Yes
2,99685,5,Medium,black,No
2,55275,5,High,black,Yes
2,44678,8,Low,black,No
2,62373,5,High,black,Yes
2,54211,8,Low,black,Yes
2,62207,2,Low,black,Yes
2,74965,3,High,black,Yes
2,98808,5,Medium,black,Yes
2,134698,1,Low,black,Yes
2,39981,7,High,black,No
2,60966,5,Medium,black,No
2,75408,4,High,black,Yes
2,135368,5,Medium,black,Yes
2,20756,3,Medium,black,Yes
2,112504,9,Medium,black,Yes
2,78997,6,High,black,Yes
2,141486,7,High,black,No
2,93054,2,High,black,Yes
2,22586,4,Medium,black,No
2,143767,3,Medium,black,Yes
2,89593,1,High,black,Yes
2,69382,9,High,black,Yes
2,142754,3,Low,black,Yes
2,55876,8,Low,black,Yes
2,32344,4,Low,black,Yes
2,106112,9,High,black,Yes
2,144984,9,High,black,Yes
2,106631,5,High,black,Yes
2,142650,5,Medium,black,No
2,117693,9,Medium,black,Yes
2,109539,5,Medium,black,Yes
2,85432,5,High,black,Yes
2,10185,6,Low,black,Yes
2,71919,1,Low,black,No
2,119410,1,Medium,black,Yes
2,23131,6,Low,black,Yes
2,118075,3,Medium,black,No
2,38278,6,High,black,Yes
2,74726,5,Medium,black,Yes
2,68870,1,Medium,black,Yes
2,24634,1,High,black,Yes
2,22006,9,High,black,Yes
2,74018,9,Medium,black,Yes
2,29649,3,High,black,Yes
2,51893,2,High,black,Yes
2,134692,8,Low,black,Yes
2,77473,1,High,black,Yes
2,82249,7,Low,black,No
2,49496,5,Low,black,Yes
2,117582,2,High,black,Yes
2,127189,1,Low,black,Yes
2,80962,4,Low,black,Yes
2,95616,4,Low,black,No
2,119916,6,High,black,Yes
2,133603,1,Medium,black,Yes
2,49151,2,Low,black,Yes
2,85886,2,High,black,No
2,129301,2,Low,black,Yes
2,44444,8,High,black,Yes
2,33908,4,Medium,black,Yes
2,71349,4,Medium,black,Yes
2,12237,1,Low,black,Yes
2,43827,9,Low,black,Yes
3,86073,8,High,black,Yes
3,12502,3,Low,black,No
3,133822,4,Medium,black,Yes
3,92038,2,Medium,black,Yes
3,108135,6,High,black,Yes
3,94176,6,Medium,black,Yes
3,46406,5,Medium,black,Yes
3,64714,1,High,black,Yes
3,34104,1,Medium,black,Yes
3,16581,4,High,black,Yes
3,90492,4,High,black,Yes
3,140303,6,Low,black,Yes
3,86057,5,Medium,black,Yes
3,113153,8,Medium,black,Yes
3,28066,3,Medium,black,Yes
3,68425,7,Low,black,Yes
3,36361,6,Low,black,Yes
3,51619,8,Low,black,Yes
3,98380,3,High,black,No
3,80124,1,Low,black,Yes
3,125318,2,High,black,Yes
3,96409,9,High,black,Yes
3,28607,3,High,black,Yes
3,48033,9,Low,black,Yes
3,109497,4,High,black,Yes
3,86869,8,Low,black,Yes
3,127149,1,Medium,black,Yes
3,70536,2,Medium,black,Yes
3,72236,2,High,black,Yes
3,46612,8,Low,black,Yes
3,44074,1,Low,black,Yes
3,70162,7,Medium,black,Yes
3,18358,6,Medium,black,Yes
3,107483,6,High,black,Yes
3,14939,4,High,black,Yes
3,135092,1,High,black,Yes
3,19337,7,High,black,Yes
3,129512,6,High,black,No
3,39189,9,Low,black,Yes
3,49904,6,Low,black,Yes
3,82515,9,Low,black,Yes
3,135522,7,Low,black,Yes
3,60374,6,Low,black,Yes
3,58117,1,Low,black,Yes
3,94771,7,High,black,Yes
3,46808,2,High,black,Yes
3,140035,1,Medium,black,Yes
3,110836,7,Medium,black,Yes
3,69968,4,Medium,black,Yes
3,142720,3,Medium,black,Yes
3,54197,4,Low,black,Yes
3,103951,7,Low,black,Yes
3,100282,6,Medium,black,Yes
3,11398,7,High,black,Yes
3,84062,9,Low,black,Yes
3,127906,4,Low,black,Yes
3,34515,4,Low,black,Yes
3,91813,2,Low,black,No
3,42683,6,Low,black,Yes
3,77118,3,High,black,Yes
3,133861,1,Low,black,No
3,132529,8,High,black,Yes
3,87020,1,High,black,Yes
3,143056,7,Low,black,Yes
3,127080,3,High,black,Yes
3,102252,4,High,black,Yes
3,35663,6,Medium,black,Yes
3,137896,9,Medium,black,Yes
3,137658,6,Low,black,Yes
3,39003,6,High,black,Yes
3,146877,4,Medium,black,Yes
3,148856,1,Medium,black,Yes
3,89395,9,Low,black,Yes
3,68151,7,Medium,black,Yes
3,111371,3,High,black,Yes
3,73102,6,Low,black,Yes
3,31670,3,Low,black,Yes
3,107610,8,Medium,black,Yes
3,120457,7,Low,black,Yes
3,27064,4,High,black,Yes
3,124135,4,Medium,black,Yes
3,53587,6,Medium,black,Yes
3,55662,4,Low,black,Yes
3,30348,4,Low,black,Yes
3,45735,9,Medium,black,No
3,63354,5,Low,black,Yes
3,109788,9,Low,black,No
3,122612,2,Low,black,No
3,100463,6,Low,black,No
3,14457,3,Medium,black,Yes
3,114906,9,Low,black,Yes
3,27631,2,Low,black,Yes
3,65871,4,High,black,Yes
3,66235,5,Low,black,Yes
3,66567,4,High,black,Yes
3,61980,7,Medium,black,Yes
3,139406,2,High,black,Yes
3,63862,1,High,black,Yes
3,57925,8,High,black,No
3,94615,7,High,black,Yes
1,95494,2,High,black,Yes
1,132779,3,Low,black,Yes
1,123643,6,High,black,Yes
1,105502,7,Medium,black,No
1,141943,6,Low,black,Yes
1,122225,4,High,black,Yes
1,145324,2,Low,black,Yes
1,99234,1,Low,black,Yes
1,54105,5,Medium,black,Yes
1,149492,5,Medium,black,Yes
1,83683,5,Medium,black,Yes
1,116183,7,Low,black,No
1,23415,9,High,black,Yes
1,126782,1,Medium,black,No
1,133969,6,Medium,black,Yes
1,23468,8,Low,black,Yes
1,52706,8,Low,black,Yes
1,64447,6,Medium,black,Yes
1,86615,9,Medium,black,Yes
1,42671,6,Low,black,Yes
1,91784,4,Medium,black,Yes
1,79115,6,Low,black,Yes
1,109133,1,Medium,black,Yes
1,121209,5,Low,black,Yes
1,148181,2,Low,black,Yes
1,117366,8,Low,black,Yes
1,21293,1,Low,black,Yes
1,132596,8,Low,black,No
1,144026,9,Low,black,Yes
1,34234,5,Low,black,Yes
1,70897,4,Low,black,Yes
1,116361,4,Low,black,Yes
1,58937,1,Low,black,Yes
1,105180,8,High,black,Yes
1,102799,3,Medium,black,Yes
1,48026,4,High,black,No
1,28395,5,Low,black,Yes
1,23123,2,Medium,black,Yes
1,18479,7,High,black,Yes
1,137915,5,Low,black,Yes
1,22821,6,Low,black,Yes
1,60946,2,Low,black,Yes
1,27901,5,High,black,Yes
1,52998,2,High,black,Yes
1,21543,4,Medium,black,Yes
1,61501,3,Low,black,Yes
1,53789,8,Low,black,Yes
1,96280,1,Medium,black,Yes
1,62481,2,Medium,black,Yes
1,133102,7,Medium,black,Yes
1,81998,4,Medium,black,Yes
1,91662,3,High,black,Yes
1,41453,2,Low,black,Yes
1,52834,9,Medium,black,Yes
1,88001,1,Low,black,Yes
1,141229,1,Low,black,Yes
1,52589,3,Low,black,No
1,87283,1,Low,black,Yes
1,91314,8,High,black,No
1,140062,4,High,black,Yes
1,133363,6,Low,black,Yes
1,113403,8,High,black,No
1,97888,9,Low,black,Yes
1,19203,3,Medium,black,No
1,53281,7,Medium,black,Yes
1,130966,2,Low,black,Yes
1,43202,4,High,black,No
1,110091,2,High,black,No
1,61740,5,High,black,Yes
1,132710,1,Low,black,Yes
1,63757,9,High,black,Yes
1,126162,2,Medium,black,Yes
1,143839,1,Medium,black,Yes
1,29595,8,Low,black,Yes
1,105869,5,Medium,black,Yes
1,110882,8,Medium,black,Yes
1,123732,9,Low,black,Yes
1,124761,9,High,black,Yes
1,136709,5,High,black,Yes
1,137496,2,Medium,black,Yes
1,140797,9,Low,black,Yes
1,27552,1,Low,black,Yes
1,42438,8,Medium,black,Yes
1,44421,3,High,black,Yes
1,80196,7,High,black,Yes
1,19689,6,Low,black,Yes
1,34814,4,Low,black,Yes
1,62003,7,Low,black,Yes
1,30102,9,Low,black,Yes
1,141731,3,Medium,black,No
1,79883,6,High,black,No
1,104770,3,Low,black,Yes
1,91066,9,Low,black,Yes
1,92770,9,Medium,black,Yes
1,135579,3,Low,black,Yes
1,57022,9,High,black,Yes
1,82484,6,High,black,Yes
1,45417,6,High,black,Yes
1,78011,3,Low,black,Yes
1,106125,5,High,black,Yes
2,44258,2,High,black,Yes
2,47072,7,Low,black,Yes
2,19593,6,High,black,Yes
2,134052,1,High,black,Yes
2,128452,3,Medium,black,Yes
2,65557,9,Low,black,Yes
2,59747,8,Low,black,Yes
2,143540,8,Medium,black,Yes
2,27124,7,High,black,Yes
2,131140,7,Medium,black,Yes
2,17782,1,Medium,black,Yes
2,136750,1,Low,black,Yes
2,51899,2,Medium,black,Yes
2,90296,9,Medium,black,Yes
2,61773,3,High,black,Yes
2,82319,3,High,black,Yes
2,42672,4,High,black,Yes
2,109238,5,High,black,Yes
2,136546,1,Medium,black,Yes
2,26415,2,Medium,black,Yes
2,16326,4,Medium,black,Yes
2,88180,9,Medium,black,No
2,31363,2,High,black,Yes
2,135191,7,Low,black,Yes
2,131939,6,Medium,black,Yes
2,59841,6,High,black,Yes
2,66918,1,Low,black,Yes
2,92827,7,Low,black,Yes
2,12972,9,High,black,Yes
2,97891,5,Medium,black,Yes
2,125800,4,High,black,Yes
2,137762,9,Medium,black,Yes
2,127714,2,Medium,black,Yes
2,131763,4,High,black,Yes
2,38817,6,Medium,black,Yes
2,21508,7,High,black,Yes
2,110700,5,Medium,black,Yes
2,102368,9,Medium,black,Yes
2,60691,9,Medium,black,Yes
2,18594,5,Low,black,Yes
2,60178,3,Medium,black,Yes
2,17646,8,Medium,black,Yes
2,80393,3,High,black,Yes
2,107534,5,Medium,black,Yes
2,127963,4,High,black,Yes
2,144001,1,Low,black,Yes
2,10200,9,High,black,Yes
2,99966,6,Low,black,Yes
2,65675,5,Low,black,Yes
2,110225,2,Low,black,Yes
2,126402,9,Low,black,Yes
2,96047,6,Medium,black,No
2,122078,1,High,black,Yes
2,57099,8,Medium,black,Yes
2,126782,6,Low,black,Yes
2,138979,3,Medium,black,Yes
2,62062,2,Medium,black,Yes
2,26021,8,Medium,black,Yes
2,41043,6,Low,black,Yes
2,80706,7,Low,black,Yes
2,23205,5,High,black,Yes
2,56686,7,Medium,black,Yes
2,36213,1,Medium,black,Yes
2,89018,6,Low,black,Yes
2,75803,6,Medium,black,Yes
2,66546,8,High,black,Yes
2,145327,8,Medium,black,Yes
2,107979,7,High,black,Yes
2,68893,4,High,black,Yes
2,144539,1,Low,black,No
2,18179,7,High,black,No
2,103205,1,Medium,black,Yes
2,92466,8,Low,black,No
2,127598,8,Low,black,No
2,90763,4,High,black,No
2,67136,9,Low,black,Yes
2,127728,9,Medium,black,No
2,29702,9,High,black,Yes
2,64815,3,Low,black,Yes
2,80646,3,High,black,Yes
2,57929,6,High,black,Yes
2,80881,8,High,black,No
2,16030,3,High,black,Yes
2,10592,6,Low,black,Yes
2,96266,9,Medium,black,No
2,60138,1,High,black,Yes
2,51804,6,Medium,black,Yes
2,146022,7,High,black,Yes
2,69791,5,Low,black,Yes
2,81962,5,High,black,Yes
2,58503,4,High,black,Yes
2,148603,3,Medium,black,Yes
2,40398,9,High,black,Yes
2,79493,5,High,black,Yes
2,57473,1,Medium,black,Yes
2,113242,9,Low,black,Yes
2,71257,5,Medium,black,Yes
2,65083,1,High,black,Yes
2,83137,4,High,black,Yes
2,115840,5,Low,black,Yes
3,124865,2,Medium,black,Yes
3,142201,4,High,black,Yes
3,142901,3,Low,black,Yes
3,54413,6,Medium,black,Yes
3,132325,2,Medium,black,Yes
3,29864,8,Low,black,Yes
3,139226,2,High,black,No
3,149541,1,Low,black,Yes
3,72838,1,Medium,black,Yes
3,99951,3,Low,black,Yes
3,43448,1,Low,black,Yes
3,62405,4,Medium,black,Yes
3,39608,4,High,black,Yes
3,62535,3,Medium,black,Yes
3,55580,6,Low,black,Yes
3,31173,9,Medium,black,Yes
3,140439,6,High,black,Yes
3,125182,9,High,black,No
3,139600,5,High,black,Yes
3,106432,8,High,black,Yes
3,110132,7,Medium,black,Yes
3,15200,7,Medium,black,Yes
3,38607,3,Low,black,No
3,42622,7,Low,black,Yes
3,114647,4,Low,black,Yes
3,113147,3,Medium,black,Yes
3,54928,1,Low,black,Yes
3,55886,2,Medium,black,Yes
3,41874,8,High,black,Yes
3,39137,9,Medium,black,Yes
3,19395,3,High,black,Yes
3,52746,1,High,black,Yes
3,144153,4,Low,black,Yes
3,131350,9,Low,black,No
3,107736,2,Low,black,Yes
3,21158,6,Low,black,Yes
3,37851,7,Low,black,Yes
3,128450,2,Medium,black,Yes
3,68376,1,Low,black,Yes
3,19947,5,High,black,Yes
3,77459,5,Low,black,Yes
3,125508,7,Low,black,Yes
3,82976,2,Low,black,Yes
3,91826,3,Low,black,Yes
3,48326,6,Medium,black,Yes
3,37393,8,Medium,black,Yes
3,144399,9,Low,black,Yes
3,52602,2,Medium,black,Yes
3,97623,3,Low,black,Yes
3,107077,9,Medium,black,Yes
3,61734,2,Medium,black,Yes
3,64004,6,High,black,Yes
3,149162,9,Medium,black,Yes
3,99143,3,High,black,Yes
3,140842,3,Low,black,Yes
3,19167,3,Medium,black,Yes
3,126257,1,High,black,Yes
3,62388,9,High,black,Yes
3,60573,2,High,black,No
3,132851,3,High,black,Yes
3,34696,5,Medium,black,Yes
3,97798,3,Medium,black,Yes
3,61949,5,Medium,black,Yes
3,26223,5,Low,black,Yes
3,21460,5,High,black,Yes
3,77765,8,High,black,Yes
3,149944,9,Low,black,Yes
3,60373,7,High,black,Yes
3,37839,1,Medium,black,Yes
3,71826,5,Medium,black,Yes
3,103472,1,Low,black,Yes
3,39099,3,Medium,black,Yes
3,46391,6,High,black,Yes
3,13527,5,High,black,Yes
3,10755,3,Medium,black,No
3,54021,5,Medium,black,Yes
3,118714,1,Low,black,Yes
3,44794,7,High,black,Yes
3,85054,8,Medium,black,Yes
3,64832,3,Medium,black,No
3,56928,9,Medium,black,Yes
3,103840,9,Medium,black,Yes
3,109470,9,High,black,Yes
3,80692,5,Low,black,Yes
3,19207,6,Medium,black,Yes
3,33135,1,Low,black,Yes
3,36452,6,Low,black,Yes
3,71546,5,Medium,black,Yes
3,115538,5,High,black,Yes
3,27203,7,High,black,Yes
3,74423,6,Low,black,Yes
3,102373,9,Medium,black,Yes
3,75107,1,Low,black,Yes
3,29715,1,Low,black,Yes
3,54896,5,Medium,black,Yes
3,27168,7,High,black,No
3,44293,2,Medium,black,Yes
3,117445,4,Medium,black,Yes
3,121674,6,High,black,Yes
3,108247,3,High,black,Yes
1,137089,8,Medium,black,Yes
1,10676,2,Low,black,Yes
1,42695,8,Medium,black,Yes
1,105073,3,High,black,No
1,71600,7,Medium,black,Yes
1,122797,6,High,black,Yes
1,145755,4,Medium,black,Yes
1,97589,5,High,black,Yes
1,145943,3,Medium,black,Yes
1,31331,6,Medium,black,Yes
1,93534,6,Low,black,Yes
1,18281,1,High,black,Yes
1,103809,8,High,black,Yes
1,25970,5,Low,black,Yes
1,37024,8,High,black,No
1,43815,4,Medium,black,Yes
1,28341,9,Low,black,Yes
1,23058,6,Low,black,No
1,149359,8,High,black,Yes
1,143212,5,High,black,Yes
1,111764,3,Medium,black,Yes
1,59166,3,Medium,black,No
1,131815,5,Low,black,Yes
1,134159,4,Medium,black,Yes
1,11681,8,Low,black,Yes
1,142297,4,High,black,Yes
1,145579,9,Low,black,Yes
1,31784,5,High,black,Yes
1,102421,6,Low,black,Yes
1,11460,9,Medium,black,Yes
1,101049,5,High,black,Yes
1,57071,5,Low,black,Yes
1,35468,8,Medium,black,Yes
1,26330,8,High,black,Yes
1,32595,6,Low,black,Yes
1,85970,5,Medium,black,Yes
1,25388,1,High,black,Yes
1,18689,3,Low,black,Yes
1,106176,7,Low,black,Yes
1,95249,8,Medium,black,Yes
1,149063,1,Low,black,Yes
1,81184,4,Low,black,Yes
1,70108,6,Medium,black,Yes
1,31124,6,Low,black,Yes
1,104387,2,Low,black,Yes
1,37334,5,Medium,black,No
1,130856,5,Low,black,Yes
1,117642,6,Low,black,Yes
1,62681,5,Medium,black,Yes
1,12164,2,High,black,Yes
1,46301,7,Low,black,No
1,100430,7,Medium,black,Yes
1,80438,4,High,black,No
1,45386,1,Medium,black,Yes
1,77737,1,High,black,Yes
1,126014,9,Low,black,Yes
1,39610,5,High,black,Yes
1,142858,6,Low,black,Yes
1,13650,6,Medium,black,Yes
1,99035,1,Medium,black,Yes
1,48296,7,Low,black,Yes
1,139204,6,High,black,Yes
1,87074,1,High,black,Yes
1,25827,2,High,black,Yes
1,72610,7,Low,black,Yes
1,66611,2,Medium,black,No
1,81600,9,High,black,Yes
1,48784,5,Medium,black,Yes
1,102479,9,Medium,black,Yes
1,110750,3,Low,black,No
1,48775,2,High,black,Yes
1,109358,4,Medium,black,Yes
1,44343,4,Low,black,No
1,57262,3,Medium,black,Yes
1,140841,1,Medium,black,Yes
1,38255,9,Low,black,Yes
1,87578,6,High,black,Yes
1,117971,7,High,black,Yes
1,85153,5,Low,black,Yes
1,108394,4,High,black,Yes
1,49621,3,High,black,Yes
1,34719,9,Low,black,No
1,37261,7,High,black,Yes
1,123526,1,Medium,black,Yes
1,53363,6,Low,black,Yes
1,127457,8,Medium,black,Yes
1,65732,4,High,black,No
1,43563,2,Low,black,Yes
1,134834,1,Low,black,Yes
1,37710,1,High,black,Yes
1,84760,2,Medium,black,No
1,10115,5,Medium,black,Yes
1,50339,6,High,black,Yes
1,132867,5,Medium,black,Yes
1,125551,9,Low,black,Yes
1,47846,8,Medium,black,Yes
1,146089,6,High,black,Yes
1,60446,5,Medium,black,Yes
1,133764,5,Low,black,Yes
1,12969,9,Low,black,Yes
2,14744,6,High,white,Yes
2,39243,1,Medium,white,No
2,27535,6,Low,white,No
2,21806,8,High,white,Yes
2,71362,1,High,white,Yes
2,58453,7,Low,white,No
2,119475,2,Medium,white,No
2,107801,6,High,white,Yes
2,117842,2,High,white,Yes
2,124988,1,High,white,Yes
2,113694,2,Medium,white,No
2,10924,1,High,white,Yes
2,43672,9,Low,white,Yes
2,35700,5,Medium,white,No
2,82992,9,Medium,white,Yes
2,104525,4,Medium,white,No
2,21516,5,Low,white,No
2,61462,6,Low,white,No
2,109552,4,High,white,Yes
2,73671,1,Medium,white,No
2,83024,9,High,white,Yes
2,57300,6,Low,white,No
2,10787,7,High,white,Yes
2,121068,7,High,white,Yes
2,120576,1,Low,white,Yes
2,90131,5,High,white,Yes
2,89986,4,Low,white,No
2,16467,6,High,white,Yes
2,107950,7,Low,white,No
2,14257,5,Low,white,No
2,149320,6,High,white,Yes
2,15588,2,Low,white,No
2,137399,5,Medium,white,Yes
2,35758,2,Low,white,No
2,51140,4,Medium,white,No
2,51607,8,Low,white,Yes
2,110137,8,High,white,Yes
2,12358,3,Low,white,No
2,18109,3,Low,white,No
2,102876,3,High,white,Yes
2,56160,7,Medium,white,No
2,133488,3,High,white,Yes
2,39328,4,Low,white,No
2,72860,6,Low,white,No
2,89975,3,Medium,white,No
2,73044,2,Medium,white,No
2,110503,1,High,white,Yes
2,129393,3,Low,white,Yes
2,21775,1,Medium,white,No
2,27140,7,Low,white,No
2,149852,2,Medium,white,Yes
2,39554,6,Low,white,No
2,26576,2,Medium,white,No
2,59802,3,Low,white,No
2,73328,5,High,white,Yes
2,122599,9,High,white,Yes
2,28270,8,Medium,white,Yes
2,40172,2,High,white,Yes
2,141915,2,Low,white,Yes
2,73845,6,High,white,Yes
2,102255,2,High,white,Yes
2,94782,3,High,white,Yes
2,78018,4,High,white,Yes
2,132482,1,Medium,white,Yes
2,101294,3,Medium,white,No
2,83948,6,Low,white,No
2,137660,7,Medium,white,Yes
2,52050,8,Medium,white,Yes
2,73820,8,High,white,Yes
2,115621,7,High,white,Yes
2,119271,5,Medium,white,No
2,141677,5,Medium,white,Yes
2,35679,5,High,white,Yes
2,70260,8,High,white,Yes
2,66810,6,Low,white,No
2,132944,4,High,white,Yes
2,62633,9,Low,white,Yes
2,15830,2,High,white,Yes
2,128729,5,High,white,Yes
2,92567,9,Medium,white,Yes
2,31130,6,Medium,white,No
2,72169,2,High,white,Yes
2,23550,3,Low,white,No
2,89013,1,High,white,Yes
2,24509,3,High,white,Yes
2,54968,5,Low,white,No
2,138207,9,High,white,Yes
2,52166,1,Medium,white,No
2,29841,3,Low,white,No
2,109414,8,High,white,Yes
2,63814,2,Low,white,No
2,132005,7,High,white,Yes
2,55100,2,Low,white,No
2,14727,2,High,white,Yes
2,14712,2,Medium,white,No
2,40798,7,High,white,Yes
2,145405,2,High,white,Yes
2,108838,4,Low,white,No
2,33916,8,Medium,white,Yes
2,99060,2,High,white,Yes
3,148150,5,Medium,black,Yes
3,145111,9,Low,black,Yes
3,27531,9,High,black,Yes
3,82883,3,Low,black,Yes
3,121834,5,Low,black,Yes
3,22731,7,Low,black,Yes
3,149694,8,Low,black,No
3,106791,8,Low,black,Yes
3,55303,9,Medium,black,No
3,89899,3,Low,black,Yes
3,31657,4,Medium,black,No
3,50116,4,Medium,black,Yes
3,118489,4,High,black,Yes
3,56440,3,Medium,black,Yes
3,93378,8,High,black,Yes
3,50208,4,High,black,No
3,18971,4,Low,black,Yes
3,13847,6,High,black,Yes
3,68060,4,Low,black,Yes
3,120830,7,Low,black,Yes
3,89020,9,Low,black,Yes
3,111959,3,Medium,black,Yes
3,100006,6,Medium,black,Yes
3,81645,5,High,black,Yes
3,79347,1,Medium,black,Yes
3,11622,5,Medium,black,Yes
3,77475,3,Medium,black,Yes
3,70786,7,High,black,Yes
3,123780,9,Low,black,Yes
3,149299,2,High,black,Yes
3,46795,1,High,black,Yes
3,35635,6,Medium,black,Yes
3,129723,6,High,black,Yes
3,30403,4,Medium,black,Yes
3,55166,2,Medium,black,No
3,131374,4,High,black,No
3,103943,4,Low,black,Yes
3,16286,7,Low,black,Yes
3,10762,8,Low,black,Yes
3,117689,4,Low,black,Yes
3,123191,3,High,black,Yes
3,135839,5,High,black,Yes
3,129116,9,Low,black,Yes
3,111545,4,Low,black,Yes
3,74130,6,Medium,black,Yes
3,100978,8,Low,black,Yes
3,68811,3,Medium,black,Yes
3,142130,2,High,black,Yes
3,17119,3,Medium,black,Yes
3,103181,6,High,black,Yes
3,94815,7,Low,black,Yes
3,54047,2,High,black,Yes
3,85706,4,Low,black,Yes
3,121987,5,Low,black,Yes
3,17271,5,High,black,Yes
3,55159,8,High,black,Yes
3,72204,4,High,black,Yes
3,12342,8,Medium,black,Yes
3,98108,4,Medium,black,Yes
3,141993,7,High,black,Yes
3,11513,6,Medium,black,Yes
3,122886,2,Medium,black,Yes
3,107314,6,Low,black,Yes
3,55530,4,Medium,black,No
3,25072,9,Low,black,Yes
3,17965,6,High,black,Yes
3,44853,9,Low,black,Yes
3,62701,1,Low,black,Yes
3,71454,8,High,black,Yes
3,49103,6,High,black,Yes
3,89017,9,High,black,Yes
3,87214,3,Low,black,Yes
3,149842,9,High,black,Yes
3,51693,9,Low,black,Yes
3,67291,3,High,black,Yes
3,29831,7,Low,black,Yes
3,11251,9,High,black,Yes
3,127639,3,High,black,Yes
3,11945,4,Low,black,Yes
3,74089,5,Medium,black,Yes
3,54122,1,Medium,black,Yes
3,134155,4,High,black,Yes
3,30991,8,High,black,Yes
3,27934,2,Medium,black,Yes
3,141954,3,High,black,Yes
3,64225,6,High,black,Yes
3,94136,9,Medium,black,Yes
3,107959,1,Low,black,Yes
3,103145,8,Low,black,Yes
3,98569,7,Medium,black,Yes
3,59732,9,High,black,Yes
3,92910,9,High,black,Yes
3,121979,8,Medium,black,Yes
3,139383,9,Medium,black,Yes
3,68158,6,High,black,No
3,107662,9,Medium,black,Yes
3,52005,6,High,black,No
3,19950,6,Low,black,Yes
3,144838,2,Low,black,Yes
3,65548,4,High,black,Yes
1,136116,4,High,white,Yes
1,110475,1,High,white,Yes
1,27547,9,High,white,Yes
1,54742,7,Medium,white,No
1,25730,6,High,white,Yes
1,135667,3,Medium,white,Yes
1,69502,6,Medium,white,No
1,120474,5,Medium,white,Yes
1,112136,8,Medium,white,Yes
1,120368,8,High,white,Yes
1,111326,5,Low,white,No
1,98187,7,High,white,Yes
1,93896,4,High,white,Yes
1,41488,7,High,white,Yes
1,18131,6,Medium,white,No
1,117667,4,Medium,white,No
1,43837,5,High,white,Yes
1,111071,7,High,white,Yes
1,29818,6,High,white,Yes
1,46381,1,High,white,Yes
1,25124,5,Medium,white,No
1,110720,9,High,white,Yes
1,129602,9,Low,white,Yes
1,90288,6,Low,white,No
1,50313,9,Medium,white,Yes
1,34287,5,Medium,white,No
1,136594,2,Medium,white,Yes
1,30262,6,Low,white,No
1,71279,8,Medium,white,Yes
1,32504,7,Low,white,Yes
1,29034,3,High,white,Yes
1,58407,1,High,white,Yes
1,44359,2,Medium,white,Yes
1,98618,2,Low,white,No
1,55992,1,Medium,white,Yes
1,109428,3,High,white,Yes
1,129491,8,Low,white,Yes
1,70409,7,Low,white,No
1,93752,7,High,white,Yes
1,147838,4,High,white,Yes
1,40275,7,High,white,Yes
1,94605,6,High,white,Yes
1,73019,1,High,white,Yes
1,80139,5,High,white,Yes
1,47110,6,Medium,white,No
1,149033,2,Medium,white,Yes
1,41628,6,High,white,Yes
1,21278,3,High,white,Yes
1,39968,7,High,white,Yes
1,89126,1,Medium,white,No
1,149656,4,Medium,white,Yes
1,26523,5,Low,white,No
1,55229,7,Low,white,Yes
1,132755,1,Medium,white,Yes
1,82055,6,Low,white,No
1,91596,4,High,white,Yes
1,67337,5,Medium,white,No
1,54017,7,High,white,Yes
1,137882,1,Medium,white,Yes
1,138035,3,Medium,white,Yes
1,103490,7,Low,white,No
1,56617,2,High,white,Yes
1,15982,7,Medium,white,No
1,118744,1,Medium,white,No
1,113204,8,Medium,white,Yes
1,16688,1,Medium,white,No
1,25464,9,Low,white,Yes
1,39581,1,Low,white,No
1,44867,7,High,white,Yes
1,87645,3,High,white,Yes
1,82647,5,Medium,white,Yes
1,105196,7,Low,white,No
1,98585,1,Medium,white,No
1,37919,6,Medium,white,No
1,37549,8,Low,white,Yes
1,110937,8,Medium,white,Yes
1,113704,4,Low,white,No
1,93370,6,High,white,Yes
1,95021,4,High,white,Yes
1,145028,8,Low,white,Yes
1,34962,1,Medium,white,Yes
1,45633,8,Low,white,Yes
1,71658,9,Medium,white,Yes
1,84871,4,Low,white,No
1,37462,9,Medium,white,Yes
1,53333,9,Medium,white,Yes
1,64119,4,Low,white,No
1,102171,7,High,white,Yes
1,42670,8,Medium,white,Yes
1,66848,5,High,white,Yes
1,129782,3,High,white,Yes
1,55126,2,High,white,Yes
1,129889,8,Medium,white,Yes
1,123806,2,Low,white,Yes
1,27227,7,High,white,Yes
1,18767,5,Low,white,No
1,18957,5,Medium,white,No
1,80901,5,High,white,Yes
1,133937,5,Medium,white,Yes
1,57882,5,High,white,Yes
2,83260,4,Medium,black,Yes
2,51495,8,Medium,black,Yes
2,42331,7,Low,black,Yes
2,30937,6,Medium,black,Yes
2,27713,7,High,black,No
2,144569,6,Medium,black,No
2,22590,9,Medium,black,Yes
2,13376,4,High,black,Yes
2,88924,1,High,black,Yes
2,71656,3,Low,black,Yes
2,55761,1,High,black,Yes
2,95223,7,Medium,black,Yes
2,130042,7,High,black,Yes
2,22026,8,Low,black,Yes
2,115801,4,High,black,Yes
2,14544,9,Medium,black,Yes
2,75880,7,Medium,black,No
2,10281,1,High,black,Yes
2,42099,4,Medium,black,Yes
2,75265,3,Low,black,Yes
2,43711,8,High,black,Yes
2,19026,3,Medium,black,Yes
2,58554,9,Medium,black,Yes
2,29712,1,Medium,black,Yes
2,23522,5,High,black,Yes
2,145789,8,Low,black,Yes
2,88226,8,Medium,black,Yes
2,130061,2,Medium,black,Yes
2,50137,8,Low,black,Yes
2,134151,9,Low,black,Yes
2,23015,7,Medium,black,Yes
2,15666,5,Medium,black,Yes
2,20381,4,Medium,black,Yes
2,58311,1,Low,black,Yes
2,82394,1,Medium,black,No
2,25459,1,High,black,Yes
2,10543,7,Medium,black,Yes
2,63744,5,Medium,black,Yes
2,30757,4,Medium,black,Yes
2,84007,6,Medium,black,Yes
2,132215,4,Low,black,No
2,10243,2,Low,black,Yes
2,44568,4,High,black,Yes
2,145437,6,Low,black,Yes
2,27328,8,High,black,No
2,25628,9,High,black,Yes
2,50047,4,Low,black,Yes
2,86638,3,Low,black,Yes
2,122367,2,Low,black,No
2,32040,2,Low,black,Yes
2,58649,9,High,black,Yes
2,38820,2,Medium,black,No
2,130820,1,Low,black,Yes
2,39022,2,Low,black,Yes
2,107591,7,Medium,black,Yes
2,137864,1,High,black,Yes
2,120875,7,Low,black,Yes
2,10287,4,Low,black,Yes
2,93316,9,Low,black,Yes
2,117305,5,High,black,No
2,12886,5,Medium,black,Yes
2,65028,1,Low,black,Yes
2,27974,7,High,black,Yes
2,15267,2,Low,black,Yes
2,67432,5,Medium,black,Yes
2,72916,8,Low,black,No
2,13081,1,Medium,black,Yes
2,137745,8,Medium,black,Yes
2,48616,4,High,black,Yes
2,97376,6,High,black,Yes
2,59958,5,Medium,black,Yes
2,67939,1,High,black,Yes
2,21845,3,Low,black,Yes
2,138154,6,Medium,black,Yes
2,40759,2,High,black,Yes
2,79469,5,Low,black,No
2,10405,3,Medium,black,Yes
2,99950,7,High,black,Yes
2,126532,6,Medium,black,Yes
2,26752,4,Medium,black,Yes
2,67766,2,Medium,black,Yes
2,88120,7,Medium,black,No
2,93172,3,High,black,Yes
2,50779,5,Medium,black,Yes
2,62941,3,High,black,Yes
2,79743,2,High,black,Yes
2,21256,8,Low,black,No
2,144868,8,Medium,black,Yes
2,134206,6,Medium,black,No
2,140110,6,Low,black,Yes
2,104888,6,Medium,black,Yes
2,97491,4,Low,black,Yes
2,35493,1,Medium,black,Yes
2,112488,2,High,black,Yes
2,85834,3,Medium,black,No
2,68352,2,High,black,Yes
2,33841,3,High,black,Yes
2,75856,2,High,black,Yes
2,86007,3,Medium,black,Yes
2,14811,9,High,black,Yes
3,88486,9,Medium,white,Yes
3,28517,2,High,white,Yes
3,132921,2,Low,white,Yes
3,104703,3,Medium,white,No
3,50677,2,High,white,Yes
3,25350,3,Low,white,No
3,126014,2,Medium,white,Yes
3,23082,7,Low,white,No
3,123053,4,Medium,white,Yes
3,113689,9,High,white,Yes
3,133647,5,High,white,Yes
3,50052,7,Low,white,No
3,73435,2,Low,white,No
3,101804,5,High,white,Yes
3,56608,8,High,white,Yes
3,88589,9,Low,white,Yes
3,129400,5,High,white,Yes
3,13325,6,Low,white,No
3,133901,4,High,white,Yes
3,113189,6,High,white,Yes
3,84797,1,Medium,white,No
3,39036,7,Medium,white,No
3,148486,9,Low,white,Yes
3,76994,4,Medium,white,No
3,16818,9,Low,white,Yes
3,134530,6,Low,white,Yes
3,100008,3,Low,white,No
3,92510,6,Low,white,No
3,79288,7,High,white,Yes
3,101293,7,High,white,Yes
3,26824,8,Low,white,Yes
3,36299,1,High,white,Yes
3,139402,1,Medium,white,Yes
3,133949,2,High,white,Yes
3,12255,9,Medium,white,Yes
3,25920,2,Medium,white,No
3,120618,1,Medium,white,Yes
3,119051,5,Low,white,No
3,117437,7,Medium,white,Yes
3,47856,9,Low,white,Yes
3,120556,5,High,white,Yes
3,47592,6,High,white,Yes
3,34976,6,High,white,Yes
3,60185,2,Low,white,No
3,50190,2,High,white,Yes
3,129824,9,High,white,Yes
3,148739,2,High,white,Yes
3,68695,4,Low,white,No
3,138918,7,Medium,white,Yes
3,58912,9,High,white,Yes
3,128964,7,High,white,Yes
3,13710,7,High,white,Yes
3,60040,7,Medium,white,No
3,60127,5,High,white,Yes
3,24647,6,High,white,Yes
3,10337,9,High,white,Yes
3,24322,5,Low,white,No
3,37930,9,Low,white,Yes
3,123161,9,High,white,Yes
3,27248,2,Medium,white,No
3,45714,4,High,white,Yes
3,23633,3,Low,white,No
3,124251,6,High,white,Yes
3,70189,8,Medium,white,Yes
3,94118,6,High,white,Yes
3,38285,3,Low,white,No
3,73215,5,Low,white,No
3,118789,4,High,white,Yes
3,22625,9,Medium,white,Yes
3,83086,2,High,white,Yes
3,62804,3,Medium,white,Yes
3,95782,9,Medium,white,Yes
3,72460,9,High,white,Yes
3,74280,9,High,white,Yes
3,46547,8,High,white,Yes
3,43610,7,Low,white,No
3,40644,6,Medium,white,No
3,129262,7,Low,white,Yes
3,64877,3,High,white,Yes
3,142271,1,Medium,white,Yes
3,60030,5,High,white,Yes
3,20453,4,Medium,white,No
3,96664,8,High,white,Yes
3,27335,3,High,white,Yes
3,142963,3,Medium,white,Yes
3,77368,6,High,white,Yes
3,137622,1,Low,white,Yes
3,19905,4,Low,white,No
3,121374,1,Medium,white,Yes
3,55296,1,High,white,Yes
3,38453,7,Low,white,No
3,41733,2,Low,white,No
3,125015,8,High,white,Yes
3,21565,6,Low,white,No
3,121608,9,Medium,white,Yes
3,47294,8,Low,white,Yes
3,65661,4,Medium,white,No
3,90283,1,Low,white,No
3,123489,6,High,white,Yes
3,104820,1,Medium,white,No
1,88678,7,High,black,Yes
1,79192,9,High,black,Yes
1,148873,1,High,black,Yes
1,16025,5,Medium,black,Yes
1,31146,7,Low,black,Yes
1,12132,9,High,black,Yes
1,97960,8,Medium,black,Yes
1,101160,7,High,black,No
1,132838,6,Medium,black,Yes
1,46426,7,Medium,black,Yes
1,124804,4,Low,black,Yes
1,142743,1,Low,black,Yes
1,149365,1,High,black,Yes
1,59583,7,Low,black,Yes
1,22874,6,Low,black,Yes
1,77425,1,High,black,Yes
1,61380,9,Low,black,Yes
1,101893,8,High,black,Yes
1,124603,6,Low,black,Yes
1,68706,1,High,black,Yes
1,25762,3,High,black,Yes
1,106378,2,Medium,black,Yes
1,91988,9,Low,black,Yes
1,86308,6,High,black,Yes
1,114546,8,High,black,Yes
1,93556,7,Medium,black,Yes
1,121832,7,High,black,No
1,110479,6,Medium,black,Yes
1,105156,9,High,black,Yes
1,33330,8,Low,black,Yes
1,136524,6,Medium,black,Yes
1,99533,1,High,black,Yes
1,36382,6,High,black,Yes
1,148591,5,Medium,black,Yes
1,12499,5,Low,black,Yes
1,74012,8,High,black,No
1,13112,3,High,black,Yes
1,76679,6,Medium,black,Yes
1,37233,7,Medium,black,Yes
1,46888,3,Low,black,Yes
1,102786,6,High,black,Yes
1,81689,6,Low,black,Yes
1,74164,6,Medium,black,Yes
1,112026,9,Medium,black,Yes
1,122647,1,High,black,Yes
1,84737,1,Low,black,Yes
1,61172,7,High,black,Yes
1,10184,4,High,black,Yes
1,25528,3,Medium,black,Yes
1,110179,6,Low,black,Yes
1,102031,4,High,black,Yes
1,76401,3,Low,black,No
1,104527,1,Medium,black,Yes
1,19747,3,High,black,Yes
1,58561,2,Low,black,Yes
1,38507,5,High,black,Yes
1,49747,1,Medium,black,Yes
1,29334,1,Medium,black,Yes
1,98859,7,Medium,black,Yes
1,100769,1,High,black,Yes
1,96746,9,High,black,Yes
1,47979,7,Low,black,Yes
1,80545,6,Low,black,Yes
1,56254,3,High,black,Yes
1,22792,8,Low,black,Yes
1,88964,1,Medium,black,No
1,19372,4,Low,black,Yes
1,124671,1,Medium,black,No
1,142122,8,Low,black,Yes
1,81626,9,Low,black,Yes
1,80474,2,High,black,No
1,130075,2,Low,black,No
1,64217,4,Medium,black,Yes
1,93564,6,Medium,black,Yes
1,80361,4,High,black,Yes
1,112951,7,Medium,black,Yes
1,16939,9,High,black,Yes
1,95162,3,Medium,black,Yes
1,34650,4,Low,black,Yes
1,149657,1,Low,black,Yes
1,42869,5,Medium,black,Yes
1,31883,3,Low,black,Yes
1,132153,3,Medium,black,Yes
1,93602,4,Low,black,Yes
1,112377,1,High,black,Yes
1,44346,4,Medium,black,Yes
1,19142,4,High,black,Yes
1,84717,5,High,black,Yes
1,60735,2,High,black,Yes
1,40206,5,High,black,Yes
1,109726,8,Medium,black,Yes
1,104685,4,Medium,black,Yes
1,37695,9,Medium,black,Yes
1,70535,7,Medium,black,No
1,25677,4,High,black,No
1,121503,5,Medium,black,Yes
1,69190,4,Medium,black,Yes
1,45270,8,Medium,black,Yes
1,99097,5,High,black,Yes
1,67167,1,High,black,Yes
2,33213,5,Low,black,Yes
2,32015,5,High,black,Yes
2,48490,3,High,black,Yes
2,65332,2,Medium,black,Yes
2,18940,7,Medium,black,Yes
2,60048,8,Low,black,Yes
2,106918,9,Low,black,Yes
2,91296,8,High,black,Yes
2,67418,4,Low,black,Yes
2,143032,6,Medium,black,Yes
2,32924,6,High,black,Yes
2,78495,9,Medium,black,Yes
2,132874,5,Medium,black,Yes
2,16112,9,Low,black,Yes
2,21026,8,High,black,Yes
2,39938,9,High,black,Yes
2,113704,8,High,black,No
2,52693,3,Low,black,No
2,127754,8,Medium,black,Yes
2,142445,3,High,black,Yes
2,16494,4,Medium,black,Yes
2,63905,6,High,black,Yes
2,85387,6,Medium,black,Yes
2,107987,8,Medium,black,Yes
2,84725,2,High,black,Yes
2,146693,6,Medium,black,Yes
2,30982,5,Medium,black,Yes
2,114557,6,High,black,No
2,149477,2,Medium,black,Yes
2,28847,6,High,black,Yes
2,40135,6,Low,black,Yes
2,148404,4,Low,black,Yes
2,27938,8,Low,black,Yes
2,55811,7,Low,black,Yes
2,62856,2,Medium,black,Yes
2,142502,2,Medium,black,Yes
2,54549,8,Medium,black,Yes
2,84266,3,High,black,No
2,92825,4,Low,black,Yes
2,79101,9,Low,black,Yes
2,55543,6,High,black,Yes
2,36875,8,Low,black,Yes
2,103673,6,Medium,black,Yes
2,110816,4,Low,black,Yes
2,117251,2,Medium,black,Yes
2,85888,3,Medium,black,Yes
2,78418,5,High,black,Yes
2,19476,2,High,black,Yes
2,92947,9,Low,black,Yes
2,123064,5,Low,black,Yes
2,10173,7,Low,black,Yes
2,37339,3,Medium,black,Yes
2,64236,2,Medium,black,Yes
2,143704,1,Low,black,Yes
2,121708,6,Medium,black,Yes
2,97733,5,Medium,black,Yes
2,137318,6,Low,black,Yes
2,37274,6,Medium,black,Yes
2,54248,2,High,black,Yes
2,135133,5,High,black,No
2,93120,7,High,black,Yes
2,40158,7,Medium,black,Yes
2,11261,6,Low,black,Yes
2,34723,8,Medium,black,Yes
2,145343,7,Medium,black,Yes
2,72278,2,Medium,black,Yes
2,87181,3,Medium,black,Yes
2,27728,9,High,black,Yes
2,87815,9,Low,black,Yes
2,69414,3,Low,black,Yes
2,94283,4,High,black,Yes
2,112837,2,High,black,No
2,91260,3,Low,black,Yes
2,58798,7,Low,black,Yes
2,57682,3,Low,black,Yes
2,52175,8,Low,black,Yes
2,34159,6,High,black,Yes
2,72958,5,Low,black,Yes
2,69439,4,Medium,black,Yes
2,65068,9,Medium,black,Yes
2,44879,7,Medium,black,Yes
2,61826,4,Low,black,Yes
2,79947,2,Medium,black,No
2,115902,3,High,black,Yes
2,136546,4,Low,black,No
2,21322,6,Medium,black,Yes
2,144307,4,High,black,Yes
2,138300,7,Low,black,Yes
2,42046,9,Medium,black,Yes
2,106936,2,High,black,Yes
2,115534,8,Low,black,Yes
2,23193,1,Medium,black,Yes
2,12387,3,Medium,black,Yes
2,100135,5,High,black,Yes
2,93708,4,Medium,black,Yes
2,38208,8,Medium,black,Yes
2,70297,5,Medium,black,Yes
2,82579,9,High,black,Yes
2,75516,4,High,black,Yes
2,13420,8,High,black,No
3,144875,2,High,white,Yes
3,23664,2,Low,white,No
3,121964,1,High,white,Yes
3,31240,4,Medium,white,No
3,87847,8,Medium,white,Yes
3,113950,4,Low,white,No
3,146212,5,Medium,white,Yes
3,92799,2,High,white,Yes
3,97582,9,Medium,white,Yes
3,113799,5,Low,white,No
3,94111,4,High,white,Yes
3,139638,1,Low,white,Yes
3,120118,4,High,white,Yes
3,68777,9,Medium,white,Yes
3,75724,8,High,white,Yes
3,28988,4,Medium,white,No
3,91288,8,High,white,Yes
3,29703,6,Medium,white,No
3,112132,1,High,white,Yes
3,132534,2,Low,white,Yes
3,89467,8,Low,white,Yes
3,28571,3,High,white,Yes
3,61120,7,High,white,Yes
3,136466,4,Medium,white,Yes
3,103441,7,High,white,Yes
3,10664,9,Medium,white,Yes
3,106326,6,Medium,white,No
3,39089,5,Medium,white,No
3,51486,5,High,white,Yes
3,13503,1,High,white,Yes
3,29461,1,High,white,Yes
3,139371,1,High,white,Yes
3,19567,6,High,white,Yes
3,88307,8,Medium,white,Yes
3,139701,6,Medium,white,Yes
3,99208,9,Low,white,Yes
3,99645,6,Low,white,No
3,128381,9,Medium,white,Yes
3,34288,2,Medium,white,No
3,69503,7,Medium,white,No
3,17047,9,Low,white,Yes
3,114554,6,High,white,Yes
3,38350,7,High,white,Yes
3,32088,9,Low,white,Yes
3,113306,8,Low,white,Yes
3,28659,2,High,white,Yes
3,68885,1,Medium,white,No
3,76006,2,Low,white,No
3,78524,4,Low,white,No
3,58574,7,Low,white,No
3,122403,4,High,white,Yes
3,113517,1,High,white,Yes
3,142557,1,Medium,white,Yes
3,107954,5,High,white,Yes
3,148286,9,High,white,Yes
3,30884,4,Low,white,No
3,124834,3,Low,white,Yes
3,17995,5,Low,white,No
3,122650,7,High,white,Yes
3,106686,2,High,white,Yes
3,64764,4,High,white,Yes
3,79251,3,Low,white,No
3,44954,3,High,white,Yes
3,96245,6,Low,white,No
3,46624,8,High,white,Yes
3,79537,1,Medium,white,No
3,123927,6,Low,white,Yes
3,139755,5,High,white,Yes
3,40461,4,High,white,Yes
3,62435,2,Medium,white,Yes
3,55588,2,Medium,white,No
3,142584,2,High,white,Yes
3,89832,5,High,white,Yes
3,90059,7,Medium,white,No
3,78433,2,Medium,white,No
3,39378,9,High,white,Yes
3,64071,9,High,white,Yes
3,142001,6,High,white,Yes
3,54155,5,High,white,Yes
3,141910,4,Medium,white,Yes
3,133647,6,Low,white,Yes
3,58817,2,High,white,Yes
3,134912,6,Medium,white,Yes
3,75983,6,Medium,white,Yes
3,124805,3,High,white,Yes
3,65944,2,Medium,white,No
3,55916,6,Low,white,No
3,26234,9,High,white,Yes
3,69165,3,Medium,white,Yes
3,86306,2,High,white,Yes
3,95362,9,Medium,white,Yes
3,44841,5,High,white,Yes
3,53276,9,High,white,Yes
3,144344,9,High,white,Yes
3,65482,3,Medium,white,No
3,20793,5,Low,white,No
3,61314,7,Medium,white,No
3,14516,3,Medium,white,No
3,35738,5,High,white,Yes
3,13075,5,High,white,Yes
1,102745,9,Low,black,Yes
1,63582,9,Medium,black,Yes
1,91567,6,High,black,Yes
1,79451,8,Medium,black,Yes
1,98559,5,Medium,black,Yes
1,84426,2,Low,black,Yes
1,143755,8,Low,black,No
1,146950,1,Low,black,Yes
1,40392,8,Low,black,Yes
1,94471,6,Medium,black,No
1,94806,4,High,black,Yes
1,137795,9,Low,black,Yes
1,120749,9,Medium,black,Yes
1,147079,2,High,black,Yes
1,29515,1,Medium,black,Yes
1,127950,8,Low,black,Yes
1,143770,3,High,black,No
1,11974,6,Low,black,Yes
1,125980,3,Low,black,Yes
1,88007,5,Medium,black,No
1,54631,7,Medium,black,Yes
1,33409,7,Low,black,Yes
1,100726,2,High,black,Yes
1,68694,2,High,black,Yes
1,122696,8,High,black,No
1,82518,7,Medium,black,Yes
1,27823,5,Low,black,Yes
1,108692,1,Low,black,Yes
1,146468,7,Medium,black,Yes
1,40296,9,Low,black,Yes
1,111214,5,Medium,black,Yes
1,17693,9,Medium,black,Yes
1,66315,3,Medium,black,Yes
1,65885,4,Low,black,Yes
1,123035,1,Low,black,Yes
1,146152,5,High,black,Yes
1,78924,4,Medium,black,Yes
1,41454,6,High,black,Yes
1,138559,5,Medium,black,Yes
1,98047,3,Low,black,Yes
1,12116,1,Medium,black,Yes
1,62567,2,High,black,Yes
1,99290,2,High,black,Yes
1,53489,3,High,black,No
1,97541,2,High,black,Yes
1,118513,1,Low,black,Yes
1,140230,8,Low,black,Yes
1,97228,7,High,black,Yes
1,68780,8,Low,black,Yes
1,74068,8,Low,black,Yes
1,10559,6,Medium,black,Yes
1,80367,6,High,black,Yes
1,31073,6,Low,black,Yes
1,40752,2,High,black,Yes
1,69895,7,Medium,black,Yes
1,70179,3,Low,black,No
1,128972,6,Low,black,Yes
1,85494,1,Medium,black,Yes
1,84417,5,Low,black,Yes
1,106638,5,High,black,Yes
1,112901,2,Medium,black,Yes
1,20442,9,High,black,Yes
1,87948,7,High,black,Yes
1,40860,3,Medium,black,Yes
1,14983,9,Low,black,Yes
1,59610,1,High,black,Yes
1,69887,3,High,black,Yes
1,17987,9,Medium,black,Yes
1,85175,1,Low,black,Yes
1,62082,9,Low,black,Yes
1,95369,4,Low,black,Yes
1,113138,8,Low,black,Yes
1,28525,6,Low,black,Yes
1,122457,8,High,black,Yes
1,37133,6,High,black,Yes
1,77556,1,Low,black,Yes
1,60267,7,High,black,No
1,85960,9,High,black,Yes
1,22199,4,High,black,Yes
1,133591,3,Low,black,Yes
1,144623,6,High,black,Yes
1,122421,1,High,black,Yes
1,45800,1,Medium,black,Yes
1,75037,1,Medium,black,Yes
1,114459,4,Low,black,Yes
1,31380,9,High,black,Yes
1,147922,6,High,black,Yes
1,54710,5,Low,black,Yes
1,143104,9,Medium,black,Yes
1,84607,2,High,black,Yes
1,129442,8,Low,black,Yes
1,143225,6,High,black,Yes
1,64863,4,High,black,No
1,58366,1,Medium,black,Yes
1,110324,2,Medium,black,Yes
1,145861,2,Medium,black,Yes
1,79713,4,Medium,black,Yes
1,24963,1,High,black,Yes
1,71164,9,Medium,black,Yes
1,144442,9,Medium,black,Yes
2,34739,1,High,black,Yes
2,75049,5,Medium,black,Yes
2,30781,1,Medium,black,Yes
2,11605,4,Low,black,Yes
2,132885,6,Low,black,Yes
2,39049,9,Medium,black,Yes
2,47156,1,High,black,Yes
2,77526,6,High,black,No
2,109903,1,Medium,black,No
2,45557,5,High,black,Yes
2,40430,6,Medium,black,Yes
2,101880,4,High,black,Yes
2,52771,4,Medium,black,Yes
2,129158,7,High,black,No
2,91624,6,Low,black,Yes
2,118332,3,Medium,black,Yes
2,37160,9,High,black,Yes
2,119206,9,High,black,Yes
2,19639,9,High,black,Yes
2,84274,8,Low,black,Yes
2,145869,4,Medium,black,Yes
2,134684,2,High,black,Yes
2,140456,1,Medium,black,Yes
2,64442,3,Low,black,Yes
2,126497,4,Low,black,Yes
2,148132,6,High,black,Yes
2,130629,9,Low,black,Yes
2,67083,7,Low,black,Yes
2,92054,9,Medium,black,Yes
2,83783,8,Low,black,Yes
2,97815,3,Low,black,No
2,89906,7,Low,black,Yes
2,17645,2,Low,black,Yes
2,87210,2,High,black,Yes
2,113152,1,Medium,black,Yes
2,61842,9,Medium,black,Yes
2,103839,9,Low,black,Yes
2,111790,7,Low,black,Yes
2,123027,5,Medium,black,Yes
2,131386,7,Low,black,Yes
2,15910,5,High,black,Yes
2,16073,7,High,black,Yes
2,126320,8,High,black,No
2,17278,5,Medium,black,Yes
2,147712,4,High,black,Yes
2,112328,7,Medium,black,Yes
2,13028,7,Low,black,Yes
2,110596,8,Medium,black,Yes
2,101830,8,Low,black,Yes
2,132878,3,Medium,black,Yes
2,27590,2,High,black,Yes
2,25493,7,Low,black,Yes
2,125980,7,Medium,black,Yes
2,55344,1,High,black,Yes
2,89208,7,High,black,Yes
2,62437,1,High,black,Yes
2,80875,3,High,black,Yes
2,103787,4,Low,black,Yes
2,149914,7,High,black,No
2,51614,7,High,black,Yes
2,112043,5,Medium,black,Yes
2,44988,9,High,black,Yes
2,67332,1,Medium,black,Yes
2,88377,1,Low,black,Yes
2,91734,4,High,black,Yes
2,46463,4,High,black,No
2,126155,3,High,black,Yes
2,105642,9,Medium,black,Yes
2,130749,2,Low,black,Yes
2,129460,7,Medium,black,Yes
2,51128,3,Medium,black,Yes
2,20125,7,Medium,black,Yes
2,92122,9,Medium,black,Yes
2,147407,2,High,black,Yes
2,89200,7,High,black,Yes
2,25352,2,Low,black,Yes
2,35092,2,High,black,Yes
2,139146,3,Medium,black,Yes
2,60104,9,High,black,Yes
2,44612,2,Medium,black,Yes
2,108066,7,Low,black,Yes
2,148488,3,Low,black,Yes
2,26091,4,Low,black,Yes
2,117384,5,Medium,black,Yes
2,15307,3,Medium,black,Yes
2,126431,9,Low,black,Yes
2,142531,8,Medium,black,Yes
2,22517,6,High,black,Yes
2,31235,3,High,black,Yes
2,113734,1,Low,black,No
2,96213,4,Low,black,Yes
2,141145,8,Low,black,Yes
2,126297,2,Medium,black,Yes
2,50129,8,High,black,Yes
2,13561,1,Low,black,Yes
2,62748,1,Medium,black,Yes
2,85809,3,Medium,black,Yes
2,102181,7,High,black,Yes
2,51031,4,High,black,No
2,149586,3,High,black,Yes
3,28673,7,High,white,Yes
3,127206,8,Low,white,Yes
3,19285,6,Low,white,No
3,122637,1,High,white,Yes
3,130719,3,Low,white,Yes
3,146325,6,Low,white,Yes
3,118911,9,Medium,white,Yes
3,45188,9,High,white,Yes
3,128885,4,Medium,white,Yes
3,78404,2,Medium,white,No
3,97943,2,Low,white,No
3,33059,8,High,white,Yes
3,12831,4,Low,white,No
3,52644,8,Low,white,Yes
3,127755,5,High,white,Yes
3,129008,9,Medium,white,Yes
3,30604,6,Low,white,No
3,54649,7,Low,white,No
3,79669,2,Low,white,No
3,135697,6,Low,white,Yes
3,106510,9,Medium,white,Yes
3,124981,2,High,white,Yes
3,129216,5,Medium,white,Yes
3,77209,7,Low,white,No
3,88789,4,Low,white,No
3,62011,9,Low,white,Yes
3,14063,4,High,white,Yes
3,145455,2,Low,white,Yes
3,17355,8,High,white,Yes
3,84677,5,Medium,white,No
3,71703,4,Medium,white,No
3,133788,1,Low,white,Yes
3,72310,3,High,white,Yes
3,77396,1,Low,white,No
3,55811,9,Low,white,Yes
3,39940,1,Low,white,No
3,63624,7,Medium,white,No
3,20931,2,Low,white,No
3,18902,2,High,white,Yes
3,49016,1,Low,white,No
3,124495,5,Medium,white,Yes
3,31422,7,Low,white,No
3,15491,8,Medium,white,Yes
3,101209,8,High,white,Yes
3,72424,1,High,white,Yes
3,13414,1,High,white,Yes
3,95737,2,High,white,Yes
3,121296,4,Medium,white,Yes
3,132181,8,High,white,Yes
3,17946,3,High,white,Yes
3,89923,8,Low,white,Yes
3,64042,1,Medium,white,No
3,129892,6,Medium,white,Yes
3,93950,5,High,white,Yes
3,147262,5,Medium,white,Yes
3,11564,5,Low,white,No
3,81910,8,Low,white,Yes
3,34320,5,Low,white,No
3,140861,9,Medium,white,Yes
3,25696,9,Medium,white,Yes
3,33114,3,Low,white,No
3,149289,9,Low,white,Yes
3,81392,1,Medium,white,No
3,149185,2,High,white,Yes
3,147047,3,Low,white,Yes
3,143561,9,Low,white,Yes
3,53098,3,High,white,Yes
3,116174,6,Medium,white,No
3,138297,7,Medium,white,Yes
3,21382,1,Low,white,No
3,16462,2,Medium,white,Yes
3,73435,1,Low,white,No
3,112940,3,High,white,Yes
3,99196,6,High,white,Yes
3,34391,6,Low,white,No
3,69722,4,Low,white,No
3,47706,6,Medium,white,No
3,111575,1,Low,white,No
3,147392,6,Low,white,Yes
3,127568,6,Medium,white,Yes
3,41370,2,High,white,Yes
3,70375,7,High,white,Yes
3,129643,5,Medium,white,Yes
3,36165,7,High,white,Yes
3,51966,6,Low,white,No
3,58236,8,High,white,Yes
3,122881,2,High,white,Yes
3,23990,3,Low,white,No
3,112064,7,High,white,Yes
3,20905,6,High,white,Yes
3,105824,9,Low,white,Yes
3,116582,4,Medium,white,No
3,135126,2,Low,white,Yes
3,124637,7,High,white,Yes
3,90988,1,Medium,white,Yes
3,19448,4,Low,white,No
3,74429,6,High,white,Yes
3,94605,1,Low,white,No
3,123261,7,High,white,Yes
3,129688,9,Low,white,Yes
1,111012,7,Medium,black,Yes
1,148242,9,Low,black,Yes
1,19195,3,Low,black,Yes
1,45927,4,High,black,Yes
1,59446,2,Low,black,Yes
1,98595,9,High,black,No
1,31007,3,High,black,Yes
1,21672,1,Low,black,Yes
1,103360,9,Low,black,Yes
1,42130,4,High,black,Yes
1,60387,5,Medium,black,Yes
1,111508,2,Low,black,Yes
1,27714,9,High,black,Yes
1,129538,6,Medium,black,Yes
1,122676,7,High,black,Yes
1,83294,2,High,black,No
1,48966,4,High,black,Yes
1,83519,7,Medium,black,Yes
1,20718,4,Medium,black,Yes
1,116835,7,Low,black,Yes
1,26893,2,Medium,black,Yes
1,108662,2,Low,black,Yes
1,124410,3,High,black,Yes
1,132773,9,Low,black,Yes
1,93295,4,Low,black,Yes
1,76808,9,Low,black,Yes
1,110467,6,Medium,black,Yes
1,142140,3,Medium,black,Yes
1,32135,8,High,black,Yes
1,14816,2,Medium,black,Yes
1,95748,5,High,black,Yes
1,48746,7,High,black,No
1,21747,5,Low,black,Yes
1,138573,6,Medium,black,Yes
1,45018,6,Medium,black,Yes
1,100725,1,Low,black,Yes
1,29873,1,Medium,black,Yes
1,10803,4,Low,black,Yes
1,147017,7,High,black,Yes
1,141736,6,Low,black,Yes
1,124617,2,High,black,Yes
1,102236,6,High,black,Yes
1,101391,6,High,black,Yes
1,16476,6,Low,black,No
1,98439,5,High,black,Yes
1,99294,3,Low,black,Yes
1,39021,6,Low,black,Yes
1,142081,9,Medium,black,Yes
1,133758,6,Low,black,Yes
1,117173,3,Medium,black,Yes
1,89372,5,Medium,black,Yes
1,94273,6,High,black,Yes
1,71725,6,Medium,black,Yes
1,52191,2,High,black,Yes
1,36445,4,Low,black,Yes
1,130346,6,Medium,black,Yes
1,106247,4,Low,black,Yes
1,58669,8,High,black,Yes
1,132794,9,High,black,Yes
1,52569,8,High,black,Yes
1,91735,3,High,black,Yes
1,66594,2,Low,black,Yes
1,86181,8,Medium,black,Yes
1,30031,2,Medium,black,Yes
1,64524,1,Low,black,Yes
1,104116,7,Medium,black,Yes
1,17248,8,Medium,black,Yes
1,140394,9,Medium,black,Yes
1,73371,5,High,black,Yes
1,145576,5,Medium,black,Yes
1,125786,9,Low,black,Yes
1,29182,3,Low,black,Yes
1,92199,7,High,black,Yes
1,82339,3,Low,black,Yes
1,65595,3,Medium,black,Yes
1,97612,1,Medium,black,Yes
1,88866,9,Low,black,Yes
1,96462,3,Medium,black,Yes
1,111405,1,Low,black,Yes
1,40733,8,Medium,black,Yes
1,146074,6,High,black,Yes
1,58558,9,Low,black,Yes
1,125087,1,Low,black,Yes
1,94644,5,High,black,Yes
1,132142,7,Medium,black,Yes
1,71172,7,Low,black,Yes
1,142586,6,High,black,Yes
1,22567,3,Medium,black,Yes
1,118088,8,Low,black,Yes
1,31410,7,Low,black,Yes
1,22350,2,Low,black,Yes
1,141029,9,Medium,black,Yes
1,77841,6,Low,black,Yes
1,88263,8,Medium,black,Yes
1,125137,6,Low,black,Yes
1,43922,7,High,black,Yes
1,23445,3,High,black,No
1,140367,1,High,black,Yes
1,148707,2,Medium,black,Yes
1,16526,2,Medium,black,Yes
2,131285,9,Medium,black,Yes
2,92927,5,Medium,black,Yes
2,126983,7,High,black,No
2,25018,5,High,black,Yes
2,117045,2,Low,black,Yes
2,74169,3,Low,black,Yes
2,47634,4,Low,black,Yes
2,15047,9,Medium,black,Yes
2,58058,5,Low,black,No
2,68094,3,Low,black,Yes
2,123201,6,Low,black,Yes
2,101775,6,Low,black,Yes
2,91583,4,Medium,black,No
2,107244,1,High,black,Yes
2,36945,1,High,black,Yes
2,17363,3,Low,black,No
2,140166,1,Medium,black,Yes
2,42038,2,Medium,black,No
2,140695,6,High,black,Yes
2,108430,2,Low,black,Yes
2,84061,9,High,black,Yes
2,67687,7,Low,black,Yes
2,46273,4,High,black,Yes
2,85896,3,High,black,Yes
2,134006,7,High,black,Yes
2,106910,9,Low,black,Yes
2,52337,7,High,black,Yes
2,95982,5,High,black,Yes
2,78103,3,Medium,black,Yes
2,72026,7,Low,black,Yes
2,115821,9,High,black,Yes
2,88842,1,High,black,Yes
2,63280,9,High,black,Yes
2,92922,5,Medium,black,Yes
2,78582,5,Low,black,Yes
2,27167,5,High,black,Yes
2,107404,4,Low,black,Yes
2,108647,5,Low,black,Yes
2,35561,8,Low,black,Yes
2,134364,9,Medium,black,Yes
2,49232,6,Low,black,Yes
2,125573,6,Low,black,Yes
2,37725,2,High,black,Yes
2,28395,1,High,black,Yes
2,57361,6,High,black,Yes
2,120365,1,Low,black,Yes
2,18351,9,Low,black,Yes
2,82809,6,Low,black,Yes
2,116807,4,Low,black,Yes
2,138676,9,Low,black,Yes
2,38494,2,High,black,Yes
2,111199,9,Low,black,Yes
2,104548,9,High,black,Yes
2,103655,6,Low,black,No
2,116874,5,Medium,black,Yes
2,79222,6,Low,black,Yes
2,131231,2,Low,black,Yes
2,53207,2,High,black,Yes
2,23501,7,Medium,black,Yes
2,45461,2,High,black,Yes
2,44142,4,High,black,Yes
2,36486,4,High,black,Yes
2,109226,6,Low,black,Yes
2,95920,7,High,black,Yes
2,50604,7,Low,black,Yes
2,37913,9,Low,black,Yes
2,65961,3,Medium,black,Yes
2,85762,1,Low,black,Yes
2,17048,2,Low,black,Yes
2,114033,8,Medium,black,Yes
2,139217,1,Medium,black,Yes
2,50381,3,Low,black,Yes
2,75856,3,Low,black,No
2,97795,3,Low,black,Yes
2,24920,1,High,black,Yes
2,46641,5,High,black,Yes
2,128386,6,Medium,black,Yes
2,30769,2,Low,black,Yes
2,92613,8,Low,black,Yes
2,132706,6,High,black,Yes
2,107937,5,Medium,black,Yes
2,67837,9,Low,black,Yes
2,18302,5,High,black,No
2,60511,8,High,black,Yes
2,58361,7,Medium,black,No
2,124462,3,Medium,black,Yes
2,140552,4,Low,black,No
2,129772,1,High,black,Yes
2,108048,8,High,black,Yes
2,102440,6,Low,black,Yes
2,32684,4,Low,black,Yes
2,37127,7,Medium,black,Yes
2,99734,8,Low,black,Yes
2,83662,3,High,black,Yes
2,101032,6,High,black,Yes
2,134255,2,Medium,black,Yes
2,97375,2,Medium,black,Yes
2,144935,9,Medium,black,Yes
2,147875,9,Medium,black,Yes
2,135210,9,Medium,black,Yes
3,55386,9,Medium,black,Yes
3,24439,3,Low,black,Yes
3,102327,4,Low,black,Yes
3,97051,9,Medium,black,Yes
3,100307,2,High,black,Yes
3,134931,1,High,black,Yes
3,64202,1,Low,black,Yes
3,16169,6,Low,black,Yes
3,102962,7,Medium,black,Yes
3,42186,7,High,black,Yes
3,96925,2,High,black,Yes
3,78432,5,Low,black,Yes
3,19463,6,Medium,black,No
3,30471,6,Low,black,Yes
3,123245,7,High,black,Yes
3,18508,4,Medium,black,Yes
3,57917,4,Low,black,Yes
3,83668,1,Medium,black,Yes
3,74604,1,Medium,black,Yes
3,112281,2,Low,black,Yes
3,130107,4,High,black,Yes
3,111774,8,Low,black,Yes
3,37408,5,Low,black,Yes
3,127313,3,Medium,black,No
3,87220,6,High,black,Yes
3,34557,2,Medium,black,Yes
3,127660,5,Low,black,Yes
3,70191,8,High,black,Yes
3,132422,2,High,black,Yes
3,107488,9,Medium,black,Yes
3,77041,1,Low,black,Yes
3,53853,2,Medium,black,Yes
3,118352,5,High,black,No
3,124325,2,Medium,black,Yes
3,116633,1,Medium,black,Yes
3,130450,5,High,black,Yes
3,79522,9,Medium,black,Yes
3,123381,8,Low,black,Yes
3,21962,5,Low,black,Yes
3,128586,9,Low,black,Yes
3,12340,9,Low,black,Yes
3,143206,6,Low,black,No
3,72598,1,Medium,black,Yes
3,125234,4,Medium,black,Yes
3,22539,9,Medium,black,No
3,148156,8,Low,black,Yes
3,141103,1,Medium,black,Yes
3,119326,2,High,black,Yes
3,106909,2,Low,black,Yes
3,84182,8,High,black,Yes
3,45367,2,Low,black,Yes
3,139270,3,High,black,Yes
3,35017,3,Medium,black,Yes
3,127761,8,Medium,black,Yes
3,44170,4,High,black,Yes
3,99777,9,High,black,No
3,144672,5,Medium,black,Yes
3,104084,5,Medium,black,No
3,53275,1,Medium,black,Yes
3,15134,8,Low,black,Yes
3,62864,1,Low,black,Yes
3,52600,1,High,black,Yes
3,63626,2,Low,black,Yes
3,79208,6,Medium,black,Yes
3,52620,1,High,black,Yes
3,50568,3,Medium,black,Yes
3,13391,6,High,black,Yes
3,72542,3,High,black,Yes
3,33573,7,High,black,Yes
3,12118,3,Low,black,Yes
3,135924,7,High,black,Yes
3,83493,2,High,black,Yes
3,128615,6,High,black,Yes
3,11999,5,Low,black,Yes
3,19176,9,Low,black,Yes
3,45225,1,Low,black,Yes
3,36634,5,High,black,Yes
3,39139,1,Low,black,Yes
3,51933,6,High,black,Yes
3,143456,1,Low,black,Yes
3,57919,2,High,black,Yes
3,40236,1,Low,black,Yes
3,49621,7,Low,black,Yes
3,62936,6,Low,black,Yes
3,23578,7,Low,black,Yes
3,89307,9,High,black,Yes
3,61093,7,Low,black,Yes
3,22632,4,High,black,Yes
3,45526,5,Medium,black,Yes
3,97875,3,Low,black,Yes
3,58239,3,Medium,black,Yes
3,21696,9,High,black,Yes
3,23559,3,High,black,Yes
3,46779,1,Low,black,Yes
3,20113,3,High,black,Yes
3,116747,5,Low,black,Yes
3,34463,5,Low,black,Yes
3,38787,5,Medium,black,Yes
3,114683,3,High,black,Yes
3,19459,8,Low,black,Yes
1,107047,1,Medium,white,No
1,78059,4,Medium,white,No
1,100202,8,Low,white,Yes
1,141604,1,Medium,white,Yes
1,16662,2,Low,white,No
1,118612,5,High,white,Yes
1,89222,7,Low,white,No
1,28741,3,Medium,white,No
1,126358,1,Low,white,Yes
1,121151,9,Low,white,Yes
1,16551,7,Low,white,No
1,124320,5,Medium,white,Yes
1,125097,2,Medium,white,Yes
1,27952,4,Medium,white,No
1,63275,3,Low,white,No
1,44980,6,Low,white,No
1,141387,6,High,white,Yes
1,70476,9,Medium,white,Yes
1,100115,6,Medium,white,No
1,124100,8,Low,white,Yes
1,113776,3,Low,white,No
1,87761,3,Medium,white,No
1,18687,3,Low,white,No
1,26725,1,Medium,white,No
1,130891,9,High,white,Yes
1,65976,4,High,white,Yes
1,43805,9,Medium,white,Yes
1,38064,8,High,white,Yes
1,15928,5,Low,white,No
1,90642,8,Medium,white,Yes
1,118185,8,Medium,white,Yes
1,48060,1,High,white,Yes
1,92789,8,High,white,Yes
1,45601,6,Medium,white,No
1,132509,1,Medium,white,Yes
1,138447,1,High,white,Yes
1,36799,7,Medium,white,No
1,62120,8,Medium,white,Yes
1,32938,2,High,white,Yes
1,26214,1,Medium,white,No
1,103586,6,Low,white,No
1,125869,4,High,white,Yes
1,50991,6,Medium,white,No
1,99149,6,High,white,Yes
1,46324,9,Medium,white,Yes
1,95169,4,Low,white,No
1,39077,9,Medium,white,Yes
1,109153,5,Medium,white,No
1,65367,7,High,white,Yes
1,15447,8,Low,white,Yes
1,100388,1,Low,white,No
1,40557,9,Medium,white,Yes
1,79521,4,Low,white,No
1,51855,4,Low,white,No
1,59111,6,Low,white,No
1,35216,1,Medium,white,No
1,10189,2,Low,white,No
1,121108,4,Medium,white,Yes
1,44571,2,Medium,white,No
1,44477,4,High,white,Yes
1,145407,3,Medium,white,Yes
1,42630,4,High,white,Yes
1,105861,8,Medium,white,Yes
1,20110,4,Medium,white,Yes
1,147126,4,High,white,Yes
1,98931,8,Medium,white,Yes
1,115768,2,Medium,white,No
1,135824,5,Medium,white,Yes
1,148207,2,Medium,white,Yes
1,134037,6,High,white,Yes
1,71216,4,High,white,Yes
1,101211,7,Medium,white,No
1,46494,8,Low,white,Yes
1,57314,9,Medium,white,Yes
1,108703,6,High,white,Yes
1,63501,9,Medium,white,Yes
1,57204,9,Medium,white,Yes
1,90056,3,Low,white,No
1,114547,9,Medium,white,Yes
1,41643,2,High,white,Yes
1,128163,1,High,white,Yes
1,119931,2,High,white,Yes
1,87070,1,Medium,white,No
1,74598,7,High,white,Yes
1,75423,6,Medium,white,No
1,134940,4,High,white,Yes
1,31516,8,High,white,Yes
1,31268,5,Low,white,No
1,146008,3,Low,white,Yes
1,135091,1,Low,white,Yes
1,54039,2,Low,white,No
1,118039,2,Medium,white,No
1,45120,9,High,white,Yes
1,112869,9,Low,white,Yes
1,46097,8,High,white,Yes
1,134543,4,Low,white,Yes
1,82492,2,Low,white,No
1,73275,8,High,white,Yes
1,50820,4,Low,white,No
1,15333,3,High,white,Yes
2,41214,3,Medium,black,Yes
2,74162,3,High,black,Yes
2,134659,8,Medium,black,Yes
2,126649,8,Medium,black,Yes
2,49802,3,Medium,black,Yes
2,145189,4,Low,black,Yes
2,23603,1,Medium,black,No
2,50949,5,Medium,black,Yes
2,81224,5,Low,black,Yes
2,36670,5,Medium,black,No
2,46498,6,Medium,black,Yes
2,31354,5,Low,black,Yes
2,51258,5,Low,black,Yes
2,131102,2,Low,black,No
2,73272,9,High,black,Yes
2,136776,9,High,black,No
2,82828,2,High,black,Yes
2,111983,6,High,black,Yes
2,112541,5,Medium,black,Yes
2,138869,9,Low,black,Yes
2,80073,8,Low,black,Yes
2,52861,2,High,black,Yes
2,71193,9,Medium,black,Yes
2,52144,6,Low,black,Yes
2,129176,4,High,black,Yes
2,83989,9,High,black,Yes
2,17000,3,Low,black,Yes
2,114101,9,Low,black,Yes
2,139814,6,High,black,Yes
2,120226,7,Low,black,Yes
2,45306,4,Low,black,Yes
2,23072,8,Medium,black,Yes
2,72778,2,Medium,black,Yes
2,21511,9,High,black,Yes
2,58557,4,Low,black,Yes
2,116734,7,Low,black,Yes
2,81486,1,Low,black,Yes
2,138367,7,Medium,black,Yes
2,75662,9,Low,black,Yes
2,61360,3,Low,black,Yes
2,60144,1,Low,black,Yes
2,52596,3,High,black,No
2,35779,1,Low,black,Yes
2,113928,4,Medium,black,Yes
2,109815,6,Low,black,Yes
2,40282,1,Medium,black,No
2,46902,1,Medium,black,Yes
2,37148,7,Low,black,Yes
2,16695,3,Medium,black,Yes
2,91990,6,Medium,black,No
2,149408,4,Low,black,No
2,137056,8,Low,black,Yes
2,140093,9,High,black,No
2,118582,5,Medium,black,Yes
2,15959,9,High,black,Yes
2,48358,7,Medium,black,No
2,78249,7,High,black,Yes
2,80554,7,Low,black,Yes
2,79638,3,Medium,black,Yes
2,100948,4,Medium,black,Yes
2,111533,3,Medium,black,Yes
2,25479,2,Low,black,No
2,127458,2,Low,black,Yes
2,132884,3,High,black,Yes
2,142832,5,Medium,black,Yes
2,126236,4,Medium,black,Yes
2,96310,2,High,black,No
2,42923,4,Low,black,No
2,120465,8,Medium,black,Yes
2,44920,7,Low,black,Yes
2,109347,9,Medium,black,Yes
2,43353,9,Low,black,Yes
2,37144,3,High,black,Yes
2,136623,8,Medium,black,Yes
2,45769,8,Low,black,No
2,104781,8,Medium,black,Yes
2,133091,7,Low,black,Yes
2,15097,5,High,black,Yes
2,134684,2,Medium,black,No
2,17262,3,High,black,Yes
2,149187,3,High,black,Yes
2,73595,5,Medium,black,Yes
2,38429,9,Medium,black,Yes
2,134346,9,Medium,black,Yes
2,11256,6,High,black,Yes
2,20433,2,Medium,black,No
2,13686,7,Medium,black,Yes
2,47975,9,Medium,black,No
2,136145,8,Medium,black,Yes
2,65578,5,High,black,No
2,121892,1,High,black,Yes
2,15153,6,High,black,Yes
2,50526,8,Medium,black,Yes
2,48939,9,Low,black,Yes
2,60761,5,Medium,black,Yes
2,130830,5,High,black,No
2,77862,5,High,black,Yes
2,27003,4,High,black,Yes
2,148378,1,Low,black,Yes
2,131786,8,High,black,Yes
3,42858,7,Medium,white,Yes
3,57991,4,High,white,Yes
3,60726,6,Medium,white,No
3,61038,8,High,white,Yes
3,115031,3,Medium,white,No
3,11000,2,High,white,Yes
3,138483,2,Medium,white,Yes
3,47796,4,Low,white,No
3,12336,2,Medium,white,No
3,147040,5,High,white,Yes
3,26959,5,High,white,Yes
3,63251,4,Low,white,No
3,51538,4,Medium,white,No
3,108433,9,High,white,Yes
3,57560,2,Low,white,No
3,67822,5,Low,white,No
3,134574,6,Medium,white,Yes
3,133026,9,Medium,white,Yes
3,116644,1,Low,white,No
3,94375,3,Low,white,No
3,139081,5,High,white,Yes
3,109330,3,Low,white,No
3,109058,3,Medium,white,No
3,91026,4,Low,white,No
3,69160,4,Low,white,No
3,29633,1,Low,white,No
3,134439,6,Medium,white,Yes
3,88823,5,Medium,white,No
3,50712,8,Low,white,Yes
3,125978,2,Medium,white,Yes
3,12722,8,Low,white,Yes
3,90357,6,High,white,Yes
3,59450,4,Medium,white,No
3,42940,8,Low,white,Yes
3,85701,6,High,white,Yes
3,13073,7,Low,white,No
3,70850,5,Medium,white,Yes
3,92177,4,Medium,white,No
3,15298,7,High,white,Yes
3,124423,3,Medium,white,Yes
3,138505,1,Medium,white,Yes
3,61127,2,High,white,Yes
3,123648,2,Medium,white,Yes
3,135039,2,Medium,white,Yes
3,121080,9,High,white,Yes
3,21481,8,Medium,white,Yes
3,67997,6,High,white,Yes
3,55017,7,High,white,Yes
3,11795,3,Medium,white,No
3,134325,5,High,white,Yes
3,39354,4,High,white,Yes
3,81123,9,High,white,Yes
3,94858,1,High,white,Yes
3,69264,6,Medium,white,No
3,129535,1,Low,white,Yes
3,82122,3,Low,white,No
3,40900,7,Medium,white,No
3,116034,6,High,white,Yes
3,62500,1,Medium,white,No
3,111752,6,Medium,white,No
3,66900,6,Medium,white,No
3,99180,4,High,white,Yes
3,96844,9,High,white,Yes
3,113767,2,Medium,white,No
3,41991,5,Low,white,No
3,72982,2,Medium,white,No
3,65125,2,Medium,white,Yes
3,90738,1,Medium,white,No
3,146031,1,Medium,white,Yes
3,95447,3,Medium,white,No
3,109022,9,Medium,white,Yes
3,121988,5,Low,white,Yes
3,111265,1,Low,white,Yes
3,128834,1,Low,white,Yes
3,27837,6,High,white,Yes
3,54629,1,Low,white,No
3,91028,2,High,white,Yes
3,134846,5,Low,white,Yes
3,106903,7,Low,white,No
3,113761,6,Medium,white,No
3,54663,2,Medium,white,No
3,73001,4,Medium,white,No
3,28780,1,High,white,Yes
3,145689,9,Medium,white,Yes
3,81052,2,Medium,white,No
3,86422,8,Low,white,Yes
3,107666,4,Medium,white,No
3,92489,9,High,white,Yes
3,86359,7,Medium,white,No
3,126160,2,High,white,Yes
3,68224,5,Low,white,No
3,27697,7,Low,white,No
3,102124,8,Medium,white,Yes
3,76417,7,Low,white,No
3,104922,3,High,white,Yes
3,62337,4,High,white,Yes
3,46152,3,High,white,Yes
3,19468,8,High,white,Yes
3,103301,6,Low,white,No
3,149443,3,Medium,white,Yes
1,53714,6,Low,black,Yes
1,125576,3,High,black,Yes
1,72369,4,Medium,black,Yes
1,83471,4,Low,black,Yes
1,141979,8,Low,black,Yes
1,88691,2,Low,black,Yes
1,45690,7,Low,black,Yes
1,131299,5,Low,black,Yes
1,18518,5,Medium,black,Yes
1,126430,7,Low,black,No
1,149952,2,Medium,black,Yes
1,65512,3,Medium,black,Yes
1,12412,8,Medium,black,Yes
1,18375,3,High,black,Yes
1,21911,8,Low,black,Yes
1,35353,7,Medium,black,Yes
1,70672,5,High,black,Yes
1,108917,9,Medium,black,Yes
1,105896,5,Low,black,No
1,11420,7,High,black,Yes
1,64660,7,Medium,black,Yes
1,101236,4,Low,black,Yes
1,98878,3,Low,black,Yes
1,110065,7,Medium,black,Yes
1,105552,4,Low,black,Yes
1,62199,3,Low,black,Yes
1,29190,8,High,black,Yes
1,117652,6,Low,black,Yes
1,126846,8,Low,black,Yes
1,72787,3,Medium,black,Yes
1,24493,8,Medium,black,Yes
1,39244,2,High,black,Yes
1,123908,4,Medium,black,Yes
1,40693,6,Medium,black,Yes
1,44215,9,High,black,Yes
1,41468,3,Low,black,Yes
1,136714,1,Low,black,Yes
1,52826,7,Low,black,Yes
1,61654,9,High,black,Yes
1,115923,3,Low,black,Yes
1,132146,9,Low,black,Yes
1,143929,3,Medium,black,Yes
1,80289,2,High,black,Yes
1,110746,9,High,black,Yes
1,142415,1,Low,black,Yes
1,143966,3,High,black,Yes
1,135427,5,Low,black,Yes
1,99805,4,Low,black,Yes
1,35529,9,Low,black,Yes
1,74190,2,Low,black,Yes
1,107494,7,High,black,Yes
1,118786,3,Medium,black,Yes
1,82914,8,Low,black,Yes
1,127374,9,Medium,black,Yes
1,67960,6,Low,black,Yes
1,94053,9,Medium,black,Yes
1,69502,1,High,black,Yes
1,39232,3,Medium,black,No
1,143992,7,High,black,Yes
1,101596,5,Medium,black,Yes
1,120703,9,Medium,black,Yes
1,106698,6,Medium,black,Yes
1,132713,3,Low,black,No
1,113543,6,Medium,black,Yes
1,61701,1,Low,black,Yes
1,10112,1,High,black,Yes
1,19699,7,High,black,Yes
1,60984,3,Low,black,Yes
1,136109,6,Medium,black,Yes
1,14463,4,High,black,Yes
1,30080,2,Low,black,Yes
1,31171,9,Low,black,No
1,20703,9,Low,black,Yes
1,44904,1,Low,black,Yes
1,90528,3,High,black,Yes
1,124228,8,Medium,black,No
1,97482,9,Medium,black,Yes
1,17351,2,High,black,Yes
1,33241,6,Medium,black,Yes
1,15075,6,Low,black,Yes
1,65156,9,Low,black,Yes
1,85501,6,High,black,Yes
1,41599,9,High,black,Yes
1,120233,1,Medium,black,Yes
1,67045,5,Low,black,Yes
1,84960,3,Low,black,Yes
1,96279,7,Low,black,Yes
1,129543,5,Medium,black,Yes
1,47207,5,High,black,Yes
1,91659,3,High,black,Yes
1,134908,6,Medium,black,Yes
1,105617,6,High,black,Yes
1,55021,4,Low,black,Yes
1,23327,8,Medium,black,No
1,138373,8,Low,black,Yes
1,62383,1,Low,black,Yes
1,135197,9,Medium,black,No
1,117717,2,Medium,black,Yes
1,68632,9,Medium,black,Yes
1,31164,6,High,black,Yes
2,21888,7,High,black,Yes
2,116141,3,Low,black,Yes
2,142861,8,Low,black,No
2,120875,5,Medium,black,Yes
2,80522,9,High,black,Yes
2,86914,4,High,black,No
2,116358,2,Medium,black,Yes
2,21795,6,Medium,black,Yes
2,38820,2,High,black,Yes
2,102970,3,Medium,black,Yes
2,38001,7,Low,black,Yes
2,18614,8,Medium,black,No
2,129630,6,High,black,Yes
2,132084,2,High,black,Yes
2,63512,8,High,black,Yes
2,107167,2,Medium,black,Yes
2,14886,8,Medium,black,No
2,133273,2,Medium,black,Yes
2,141202,2,High,black,Yes
2,112150,7,High,black,No
2,56235,7,Low,black,Yes
2,11001,1,Medium,black,Yes
2,143231,3,Low,black,Yes
2,49270,5,High,black,No
2,131497,5,Low,black,Yes
2,56028,8,Low,black,Yes
2,83687,6,High,black,Yes
2,12041,2,Low,black,Yes
2,51731,4,Medium,black,Yes
2,136894,7,Medium,black,Yes
2,49106,5,Low,black,Yes
2,49354,7,Low,black,Yes
2,35301,5,High,black,Yes
2,121765,2,High,black,Yes
2,37302,5,Low,black,Yes
2,133966,9,Low,black,No
2,56863,7,Medium,black,Yes
2,105076,9,High,black,Yes
2,38775,2,Low,black,No
2,99273,9,Medium,black,Yes
2,78738,3,High,black,No
2,97007,5,Low,black,Yes
2,143805,9,Low,black,Yes
2,66215,6,High,black,Yes
2,125030,6,Low,black,Yes
2,127357,2,Medium,black,Yes
2,141397,4,High,black,Yes
2,120698,6,Low,black,Yes
2,71425,2,High,black,Yes
2,26838,8,High,black,Yes
2,108761,5,Medium,black,Yes
2,100419,8,Medium,black,Yes
2,20269,5,High,black,Yes
2,57537,1,High,black,Yes
2,122441,1,Medium,black,Yes
2,117390,9,Low,black,Yes
2,13915,6,High,black,Yes
2,144934,4,High,black,Yes
2,148696,1,High,black,Yes
2,128067,2,Low,black,Yes
2,149321,2,High,black,Yes
2,50636,5,Medium,black,Yes
2,121135,2,High,black,Yes
2,134276,8,High,black,Yes
2,132177,8,Medium,black,Yes
2,83048,5,Low,black,Yes
2,110229,5,Medium,black,Yes
2,35137,6,High,black,Yes
2,47757,2,Medium,black,Yes
2,18947,3,Low,black,Yes
2,17709,3,High,black,Yes
2,85737,6,High,black,Yes
2,97991,8,Medium,black,Yes
2,22041,5,Medium,black,Yes
2,124400,7,Medium,black,Yes
2,137772,4,High,black,Yes
2,15415,4,Medium,black,Yes
2,61074,5,Low,black,Yes
2,133569,6,High,black,Yes
2,29591,1,Medium,black,Yes
2,82779,1,Low,black,Yes
2,118276,3,High,black,Yes
2,26827,2,Medium,black,Yes
2,92781,4,Medium,black,Yes
2,100524,9,Low,black,Yes
2,21218,8,Low,black,Yes
2,20874,4,Medium,black,Yes
2,101902,9,High,black,Yes
2,23780,3,Medium,black,Yes
2,58906,4,High,black,Yes
2,99226,5,Low,black,No
2,67052,6,High,black,Yes
2,131556,2,Medium,black,Yes
2,53609,6,Low,black,No
2,98582,1,High,black,Yes
2,132054,4,Medium,black,No
2,119418,4,Medium,black,Yes
2,148568,4,High,black,Yes
2,148817,7,Low,black,No
2,137074,6,Low,black,Yes
3,129714,9,Low,black,Yes
3,54593,5,High,black,Yes
3,80679,4,High,black,Yes
3,143557,2,Medium,black,Yes
3,107878,8,High,black,Yes
3,62674,7,Medium,black,No
3,32887,4,Low,black,Yes
3,103640,4,Low,black,Yes
3,104023,7,Medium,black,Yes
3,78359,7,Medium,black,Yes
3,13484,5,Low,black,Yes
3,136978,6,Medium,black,Yes
3,43200,3,Medium,black,Yes
3,73078,2,High,black,No
3,90666,9,Medium,black,Yes
3,131329,1,Medium,black,Yes
3,121096,5,Low,black,Yes
3,110778,6,Medium,black,No
3,43279,4,High,black,Yes
3,140462,3,Medium,black,Yes
3,112376,6,Medium,black,Yes
3,122063,2,Low,black,Yes
3,123655,7,High,black,Yes
3,62877,5,High,black,Yes
3,101323,7,Medium,black,No
3,14419,4,High,black,Yes
3,117250,5,Low,black,Yes
3,53343,6,High,black,Yes
3,21742,1,Medium,black,Yes
3,22398,7,High,black,Yes
3,53108,5,Low,black,Yes
3,125188,7,High,black,Yes
3,38292,3,Low,black,Yes
3,87276,9,Low,black,Yes
3,66918,3,Medium,black,Yes
3,134340,4,Medium,black,Yes
3,67906,7,High,black,Yes
3,35649,8,Low,black,Yes
3,20796,6,Low,black,No
3,100513,9,Low,black,Yes
3,108647,2,Low,black,Yes
3,53585,5,High,black,Yes
3,76460,7,Medium,black,Yes
3,52262,4,High,black,No
3,66535,1,High,black,Yes
3,44201,7,Medium,black,Yes
3,30693,5,Medium,black,No
3,134981,1,High,black,Yes
3,35068,3,Medium,black,Yes
3,103307,7,Low,black,No
3,98499,4,Low,black,Yes
3,106045,3,High,black,No
3,105117,9,Medium,black,Yes
3,130033,6,Low,black,Yes
3,104587,9,Low,black,Yes
3,127977,4,Low,black,Yes
3,43123,9,Low,black,Yes
3,136775,6,High,black,Yes
3,20269,9,Low,black,No
3,115319,7,Medium,black,Yes
3,68725,7,Medium,black,Yes
3,18672,1,High,black,Yes
3,25049,5,Low,black,Yes
3,122586,1,Low,black,Yes
3,68691,7,Medium,black,Yes
3,77095,3,High,black,Yes
3,58101,4,Medium,black,Yes
3,72652,9,Medium,black,Yes
3,138817,7,Low,black,Yes
3,14460,4,High,black,Yes
3,143283,9,High,black,Yes
3,45569,8,High,black,Yes
3,119900,7,Medium,black,Yes
3,118293,1,Medium,black,Yes
3,83210,6,Medium,black,Yes
3,89718,7,Low,black,Yes
3,35007,4,Low,black,Yes
3,91260,3,High,black,Yes
3,12066,7,Medium,black,Yes
3,101952,8,High,black,Yes
3,22470,2,High,black,Yes
3,10248,2,Low,black,Yes
3,88833,9,High,black,Yes
3,35384,4,Low,black,No
3,129307,3,Low,black,Yes
3,11963,1,Medium,black,Yes
3,96068,2,Low,black,Yes
3,41726,3,Medium,black,Yes
3,126700,6,Medium,black,Yes
3,148868,8,Low,black,No
3,17525,9,Low,black,Yes
3,37423,2,Medium,black,Yes
3,147021,4,Medium,black,Yes
3,55524,9,High,black,Yes
3,28966,1,High,black,Yes
3,50081,1,Medium,black,Yes
3,18894,8,Low,black,Yes
3,130611,5,High,black,Yes
3,126611,2,Medium,black,Yes
3,130480,2,Medium,black,Yes
